slug,title,price_cents,compare_at_cents,currency,video_url,image_count,categories,url
10-ball-roman-candle,10 Ball Roman Candle,187,,CAD,https://video.wixstatic.com/video/fa6517_cff291fe0ea24514b07e51804db8c5d2/1080p/mp4/file.mp4,2,roman-candle,https://www.pyrobobs.ca/product-page/10-ball-roman-candle
100-shot-saturn-missiles,100 Shot Saturn Missiles,2399,,CAD,https://video.wixstatic.com/video/fa6517_1c7a20b694b642138ab72eb7da2f85b5/1080p/mp4/file.mp4,2,rockets-missiles,https://www.pyrobobs.ca/product-page/100-shot-saturn-missiles
12-ball-roman-candle,12 Ball Roman Candle,224,,CAD,https://video.wixstatic.com/video/fa6517_17915af506b845bab1a66d05ad8251a1/1080p/mp4/file.mp4,2,roman-candle,https://www.pyrobobs.ca/product-page/12-ball-roman-candle
13-ball-roman-candle,13 Ball Roman Candle,247,,CAD,https://video.wixstatic.com/video/fa6517_fad94305d767458091465ccff36ab430/1080p/mp4/file.mp4,2,roman-candle,https://www.pyrobobs.ca/product-page/13-ball-roman-candle
15-ball-roman-candle,15 Ball Roman Candle,277,,CAD,https://video.wixstatic.com/video/fa6517_ecfc58131d5a4349bce0848b4dbfe6a9/1080p/mp4/file.mp4,2,roman-candle,https://www.pyrobobs.ca/product-page/15-ball-roman-candle
20-ball-roman-candle,20 Ball Roman Candle,299,,CAD,https://video.wixstatic.com/video/fa6517_c12df84a00de41cba8ab12cd9db14742/1080p/mp4/file.mp4,2,roman-candle,https://www.pyrobobs.ca/product-page/20-ball-roman-candle
20cm-7-sparklers,20cm (7&quot;) Sparklers,82,,CAD,,1,sparklers,https://www.pyrobobs.ca/product-page/20cm-7-sparklers
25-shot-barrage,25 Shot Barrage,1274,,CAD,https://video.wixstatic.com/video/fa6517_fa1e5a71fd034b08a787ead77148c224/1080p/mp4/file.mp4,2,barrage,https://www.pyrobobs.ca/product-page/25-shot-barrage
25-shot-missle-battery,25 Shot Missle Battery,634,,CAD,https://video.wixstatic.com/video/fa6517_928d8fdfac804a58b4a198174721f2e4/1080p/mp4/file.mp4,2,rockets-missiles,https://www.pyrobobs.ca/product-page/25-shot-missle-battery
26cm-10-sparklers,26cm (10&quot;) Sparklers,127,,CAD,https://video.wixstatic.com/video/fa6517_e48e1a56cdb146ee9621b05c616c6f94/480p/mp4/file.mp4,2,sparklers,https://www.pyrobobs.ca/product-page/26cm-10-sparklers
3-stage-sky-rockets-12-pack,3 Stage Sky Rockets (12 pack),524,,CAD,https://video.wixstatic.com/video/fa6517_c1b2ba023b034d0e8d664f9bc8265c32/1080p/mp4/file.mp4,2,rockets-missiles,https://www.pyrobobs.ca/product-page/3-stage-sky-rockets-12-pack
30cm-12-sparklers,30cm (12&quot;) Sparklers,194,,CAD,,1,sparklers,https://www.pyrobobs.ca/product-page/30cm-12-sparklers
36cm-14-sparklers,36cm (14&quot;) Sparklers,224,,CAD,https://video.wixstatic.com/video/fa6517_2fea9fe96e3f401e9b2189831245c042/480p/mp4/file.mp4,2,sparklers,https://www.pyrobobs.ca/product-page/36cm-14-sparklers
5-ball-roman-candle,5 Ball Roman Candle,134,,CAD,https://video.wixstatic.com/video/fa6517_7b55d2acd63f4a749cb011554d9e440f/1080p/mp4/file.mp4,2,roman-candle,https://www.pyrobobs.ca/product-page/5-ball-roman-candle
50-shot-strobing-missiles,50 Shot Strobing Missiles,1199,,CAD,https://video.wixstatic.com/video/fa6517_164d9c700b024b158c549c314d6956bc/1080p/mp4/file.mp4,2,rockets-missiles,https://www.pyrobobs.ca/product-page/50-shot-strobing-missiles
50cm-20-sparklers,50cm (20&quot;) Sparklers,449,,CAD,,1,sparklers,https://www.pyrobobs.ca/product-page/50cm-20-sparklers
70-shot-barrage,70 Shot Barrage,2099,,CAD,https://video.wixstatic.com/video/fa6517_340b856611b942dd81b2e35599bac985/480p/mp4/file.mp4,2,barrage,https://www.pyrobobs.ca/product-page/70-shot-barrage
70-shot-crackling-barrage,70 Shot Crackling Barrage,2249,,CAD,https://video.wixstatic.com/video/fa6517_cbc0f035e03a47738aaf675d5c4f6b93/480p/mp4/file.mp4,2,barrage,https://www.pyrobobs.ca/product-page/70-shot-crackling-barrage
70-shot-mosaic,70 Shot Mosaic,2174,,CAD,https://video.wixstatic.com/video/fa6517_d7585c7d19644ea9acf23a856ebdb371/1080p/mp4/file.mp4,2,barrage,https://www.pyrobobs.ca/product-page/70-shot-mosaic
70cm-28-sparklers,70cm (28&quot;) Sparklers,524,,CAD,,1,sparklers,https://www.pyrobobs.ca/product-page/70cm-28-sparklers
72-shot-pearl-battery,72 Shot Pearl Battery,2174,,CAD,https://video.wixstatic.com/video/fa6517_0f93b32ead494e6cb7a9e10e8a706f4d/480p/mp4/file.mp4,2,cake,https://www.pyrobobs.ca/product-page/72-shot-pearl-battery
8-ball-crackling-candle,8 Ball Crackling Candle,262,,CAD,https://video.wixstatic.com/video/fa6517_999c7aa4682a4985b1dfad7115ff0162/480p/mp4/file.mp4,2,roman-candle,https://www.pyrobobs.ca/product-page/8-ball-crackling-candle
8-ball-roman-candle,8 Ball Roman Candle,149,,CAD,https://video.wixstatic.com/video/fa6517_22a6af8bc6c94777bc91ec195d2d93c5/1080p/mp4/file.mp4,2,roman-candle,https://www.pyrobobs.ca/product-page/8-ball-roman-candle
91-shot-kaleidoscope,91 Shot Kaleidoscope,2474,,CAD,https://video.wixstatic.com/video/fa6517_c93912379f034b31af504df77490fe0f/1080p/mp4/file.mp4,2,barrage,https://www.pyrobobs.ca/product-page/91-shot-kaleidoscope
act-of-valour,Act of Valour,5249,,CAD,https://video.wixstatic.com/video/fa6517_da567130371f4ee1938abb2af6a03ba7/480p/mp4/file.mp4,2,bobs-featured|pro-pyro-cake-fanned|specials,https://www.pyrobobs.ca/product-page/act-of-valour
aerial-avalanche,Aerial Avalanche,6374,,CAD,https://video.wixstatic.com/video/fa6517_e9942878367e46989ec70d36044a72f5/1080p/mp4/file.mp4,2,fanned-cake,https://www.pyrobobs.ca/product-page/aerial-avalanche
african-lion,African Lion,599,,CAD,https://video.wixstatic.com/video/fa6517_8dfd893e978642b591c540f2f96f54fc/1080p/mp4/file.mp4,2,specialty-bombette,https://www.pyrobobs.ca/product-page/african-lion
after-shock,After Shock,4874,,CAD,https://video.wixstatic.com/video/fa6517_c3d1a38591a54d2684bbf425c6752f62/480p/mp4/file.mp4,2,cake,https://www.pyrobobs.ca/product-page/after-shock
aftermath,Aftermath,5024,,CAD,https://video.wixstatic.com/video/fa6517_5edc4f106c0240db8dc8325593a218dc/1080p/mp4/file.mp4,2,fanned-cake,https://www.pyrobobs.ca/product-page/aftermath
air-colour-bomb,Air Colour Bomb,674,,CAD,https://video.wixstatic.com/video/fa6517_2506cb5e1aea49959ccc9affcecb696f/480p/mp4/file.mp4,2,bombshell,https://www.pyrobobs.ca/product-page/air-colour-bomb
air-raid,Air Raid,1199,,CAD,https://video.wixstatic.com/video/fa6517_c68e448cf22a4d82bc791e24d6ed1cf1/480p/mp4/file.mp4,2,mine,https://www.pyrobobs.ca/product-page/air-raid
air-striker,Air Striker,524,,CAD,https://video.wixstatic.com/video/fa6517_f54f105c5d5149cbb39d8010ba191c2d/1080p/mp4/file.mp4,2,novelty-item,https://www.pyrobobs.ca/product-page/air-striker
aladdin-3-pack,Aladdin (3 pack),599,,CAD,https://video.wixstatic.com/video/fa6517_0e64f3e10f6d40fc81b75a7107385f7a/1080p/mp4/file.mp4,2,ground-spinner,https://www.pyrobobs.ca/product-page/aladdin-3-pack
all-blue,All Blue,4049,,CAD,https://video.wixstatic.com/video/fa6517_f4d7277bbba24d97aa8bc4ede7402aa8/1080p/mp4/file.mp4,2,fanned-cake,https://www.pyrobobs.ca/product-page/all-blue
all-crackle,All Crackle,4049,,CAD,https://video.wixstatic.com/video/fa6517_3de800c537fb46a2b07dd8a9a963b391/1080p/mp4/file.mp4,2,fanned-cake,https://www.pyrobobs.ca/product-page/all-crackle
all-dressed,All Dressed,2999,,CAD,https://video.wixstatic.com/video/fa6517_5ed267d957594ab58a09f2e4cbda849f/1080p/mp4/file.mp4,2,cake,https://www.pyrobobs.ca/product-page/all-dressed
all-pink,All Pink,4049,,CAD,https://video.wixstatic.com/video/fa6517_619379bd20564fe89026a7458fd2cf6a/1080p/mp4/file.mp4,2,fanned-cake,https://www.pyrobobs.ca/product-page/all-pink
all-purple,All Purple,4049,,CAD,https://video.wixstatic.com/video/fa6517_fd8eff5b0133492aba3691ed83026eb6/1080p/mp4/file.mp4,2,fanned-cake,https://www.pyrobobs.ca/product-page/all-purple
all-yellow,All Yellow,4049,,CAD,https://video.wixstatic.com/video/fa6517_ead7c737ef3648dc86756a8746c625b5/1080p/mp4/file.mp4,2,fanned-cake,https://www.pyrobobs.ca/product-page/all-yellow
ammo-crate,Ammo Crate,67499,,CAD,,2,bobs-featured|family-pack|specials,https://www.pyrobobs.ca/product-page/ammo-crate
anarchy,Anarchy,6299,,CAD,https://video.wixstatic.com/video/fa6517_4889969ab0124441a16d6de13ca5020a/480p/mp4/file.mp4,2,fanned-cake,https://www.pyrobobs.ca/product-page/anarchy
angel-wings,Angel Wings,2624,,CAD,https://video.wixstatic.com/video/fa6517_c27c5131579040f782b6ecd21e933a7b/1080p/mp4/file.mp4,2,barrage,https://www.pyrobobs.ca/product-page/angel-wings
anger-management,Anger Management,2549,,CAD,https://video.wixstatic.com/video/fa6517_52629f6565b84967b6210efdbcd1db8a/240p/mp4/file.mp4,2,cake,https://www.pyrobobs.ca/product-page/anger-management
apex,Apex,5249,,CAD,https://video.wixstatic.com/video/fa6517_89699489e07e4588bde8a598071c8ef9/1080p/mp4/file.mp4,2,pro-pyro-cake-vertical,https://www.pyrobobs.ca/product-page/apex
apocalypse-wow,Apocalypse Wow!,2024,,CAD,https://video.wixstatic.com/video/fa6517_69f67076ec7f4f6fb1c7e27521334b60/1080p/mp4/file.mp4,2,cake,https://www.pyrobobs.ca/product-page/apocalypse-wow
arctic-blast,Arctic Blast,10124,,CAD,,1,family-pack,https://www.pyrobobs.ca/product-page/arctic-blast
area-51,Area 51,749,,CAD,https://video.wixstatic.com/video/fa6517_d6f86317d2174546aba8101508c376de/480p/mp4/file.mp4,2,specialty-bombette,https://www.pyrobobs.ca/product-page/area-51
armageddon,Armageddon,17249,,CAD,,1,family-pack,https://www.pyrobobs.ca/product-page/armageddon
attitude-adjustment,Attitude Adjustment,1949,,CAD,https://video.wixstatic.com/video/fa6517_035f3ccbb76f4323963c87fa7d1f779a/1080p/mp4/file.mp4,2,cake|specials,https://www.pyrobobs.ca/product-page/attitude-adjustment
aurora,Aurora,674,,CAD,https://video.wixstatic.com/video/fa6517_4343840c43b046119271e004a919e4da/1080p/mp4/file.mp4,2,cake,https://www.pyrobobs.ca/product-page/aurora
backyard-boogie,Backyard Boogie,7274,,CAD,,1,family-pack,https://www.pyrobobs.ca/product-page/backyard-boogie
bad-attitude,Bad Attitude,4874,,CAD,https://video.wixstatic.com/video/fa6517_d4d9264bed3c476fb89ea45d1264eb1f/1080p/mp4/file.mp4,2,cake,https://www.pyrobobs.ca/product-page/bad-attitude
ballistic,Ballistic,4424,,CAD,https://video.wixstatic.com/video/fa6517_c6ca6d765a554f9aa4c94f5e7c4dd4af/1080p/mp4/file.mp4,2,pro-pyro-cake-vertical,https://www.pyrobobs.ca/product-page/ballistic
bandito,Bandito,4499,,CAD,https://video.wixstatic.com/video/fa6517_3822c54bc79a495fbadf8c91a998efd1/480p/mp4/file.mp4,2,cake,https://www.pyrobobs.ca/product-page/bandito
bang-bomb,Bang Bomb,188,,CAD,https://video.wixstatic.com/video/fa6517_b259ebf1177f438fa3d1df6e60a771ab/720p/mp4/file.mp4,2,noise-maker,https://www.pyrobobs.ca/product-page/bang-bomb
banger-plus,Banger Plus,862,,CAD,https://video.wixstatic.com/video/fa6517_6a00517289364884aa5e264aff3fa183/1080p/mp4/file.mp4,2,specialty-bombette,https://www.pyrobobs.ca/product-page/banger-plus
basket-of-cherries,Basket Of Cherries,1274,,CAD,https://video.wixstatic.com/video/fa6517_8b700931d25a48fc9307e00c88a163ad/480p/mp4/file.mp4,2,barrage,https://www.pyrobobs.ca/product-page/basket-of-cherries
battle-of-colors-new,Battle of Colors *NEW*,2099,,CAD,https://video.wixstatic.com/video/fa6517_6e63c98efa664cfe80a17150e9053514/480p/mp4/file.mp4,2,barrage,https://www.pyrobobs.ca/product-page/battle-of-colors-new
big-box-of-bang,Big Box Of Bang,17175,,CAD,,1,family-pack,https://www.pyrobobs.ca/product-page/big-box-of-bang
big-bubba,Big Bubba,2324,,CAD,https://video.wixstatic.com/video/fa6517_4f0a63dc30574b599ef4fa2aad6b9fc1/1080p/mp4/file.mp4,2,cake,https://www.pyrobobs.ca/product-page/big-bubba
blackout-fountain,Blackout Fountain,2999,,CAD,https://video.wixstatic.com/video/fa6517_54b16cc4bec34e46a4d38cec52fc34f7/480p/mp4/file.mp4,2,fountain,https://www.pyrobobs.ca/product-page/blackout-fountain
bling,Bling!,119,,CAD,https://video.wixstatic.com/video/fa6517_8df0669f7eda4cc6969c5f13843ccca2/1080p/mp4/file.mp4,2,fountain,https://www.pyrobobs.ca/product-page/bling
blue-dragon-candle,Blue Dragon Candle,562,,CAD,https://video.wixstatic.com/video/fa6517_8009be968fd04dcdb3772ef60d025603/480p/mp4/file.mp4,2,roman-candle,https://www.pyrobobs.ca/product-page/blue-dragon-candle
blue-it-up,Blue it Up!,4874,,CAD,https://video.wixstatic.com/video/fa6517_df5465d55b35478ca0badd678a1c0ff0/720p/mp4/file.mp4,2,cake,https://www.pyrobobs.ca/product-page/blue-it-up
blue-mine,Blue Mine,599,,CAD,https://video.wixstatic.com/video/fa6517_a8abab027190448496c3040353610372/720p/mp4/file.mp4,2,mine,https://www.pyrobobs.ca/product-page/blue-mine
blue-ring-with-white-strobe-pistil,Blue Ring with White Strobe Pistil,1349,,CAD,https://video.wixstatic.com/video/fa6517_913fa42493f347c181057fdf9b2af4e1/480p/mp4/file.mp4,2,bombshell,https://www.pyrobobs.ca/product-page/blue-ring-with-white-strobe-pistil
bombastic,Bombastic,1499,,CAD,https://video.wixstatic.com/video/fa6517_cb44d15bd7e54a51846dd59252d6945c/1080p/mp4/file.mp4,2,cake,https://www.pyrobobs.ca/product-page/bombastic
bomber,Bomber,4874,,CAD,https://video.wixstatic.com/video/fa6517_6739ed775e8b47689ba27392986e1b89/360p/mp4/file.mp4,2,cake|specials,https://www.pyrobobs.ca/product-page/bomber
bonanza,Bonanza,1049,,CAD,https://video.wixstatic.com/video/fa6517_c9ba1f4e30a2469891c0e2763edf31e2/1080p/mp4/file.mp4,2,bombshell,https://www.pyrobobs.ca/product-page/bonanza
boom-box,Boom Box,1424,,CAD,,1,family-pack|specials,https://www.pyrobobs.ca/product-page/boom-box
brazilian-bombshell,Brazilian Bombshell,1049,,CAD,https://video.wixstatic.com/video/fa6517_54197479af564b8eaa18bec766d3bc91/1080p/mp4/file.mp4,2,brazilian-shell,https://www.pyrobobs.ca/product-page/brazilian-bombshell
break-out,Break Out,2999,,CAD,,1,cake,https://www.pyrobobs.ca/product-page/break-out
breaking-point,Breaking Point,3749,,CAD,https://video.wixstatic.com/video/fa6517_1b88246764074dab9edd62ed1d9823da/1080p/mp4/file.mp4,2,fanned-cake,https://www.pyrobobs.ca/product-page/breaking-point
brocade-crown,Brocade Crown,3674,,CAD,https://video.wixstatic.com/video/fa6517_fdd6b8d44e1c47da8ed91c57d4f5563f/720p/mp4/file.mp4,2,cake|specials,https://www.pyrobobs.ca/product-page/brocade-crown
bull-s-eye,Bull's Eye,749,,CAD,https://video.wixstatic.com/video/fa6517_74cd8515b7e6441aaefa3090152aa206/480p/mp4/file.mp4,2,specialty-bombette,https://www.pyrobobs.ca/product-page/bull-s-eye
bullet-train,Bullet Train,449,,CAD,https://video.wixstatic.com/video/fa6517_e4feb6b486394db882d366da9e19a56a/1080p/mp4/file.mp4,2,bombshell,https://www.pyrobobs.ca/product-page/bullet-train
bullseye,Bullseye,1274,,CAD,https://video.wixstatic.com/video/fa6517_f359f3a07b2745a289c8a30bd9aef040/1080p/mp4/file.mp4,2,cake,https://www.pyrobobs.ca/product-page/bullseye
burning-schoolhouse,Burning Schoolhouse,524,,CAD,https://video.wixstatic.com/video/fa6517_052cea2b764848fd8df167adbd85ee97/1080p/mp4/file.mp4,2,novelty-item,https://www.pyrobobs.ca/product-page/burning-schoolhouse
busy-bee-new,Busy Bee *NEW*,2024,,CAD,,1,cake,https://www.pyrobobs.ca/product-page/busy-bee-new
butterfly-blitz-new,Butterfly Blitz *NEW*,674,,CAD,,1,mine,https://www.pyrobobs.ca/product-page/butterfly-blitz-new
buzzed-new,Buzzed *NEW*,2774,,CAD,,1,bobs-featured|cake,https://www.pyrobobs.ca/product-page/buzzed-new
cake-fiesta-new,Cake Fiesta *NEW*,11474,,CAD,,1,family-pack|specials,https://www.pyrobobs.ca/product-page/cake-fiesta-new
cake-party,Cake Party,15374,,CAD,,1,family-pack|specials,https://www.pyrobobs.ca/product-page/cake-party
canada-eh,"Canada, Eh!",4874,,CAD,https://video.wixstatic.com/video/fa6517_2f90582e75364630ba89e31532d69594/1080p/mp4/file.mp4,2,cake,https://www.pyrobobs.ca/product-page/canada-eh
canada-fountain,Canada Fountain,1274,,CAD,https://video.wixstatic.com/video/fa6517_26bc8a172e794f8aa24614b582a0c2ab/360p/mp4/file.mp4,2,fountain,https://www.pyrobobs.ca/product-page/canada-fountain
canadian-barrage,Canadian Barrage,1274,,CAD,https://video.wixstatic.com/video/fa6517_d5d1f7e1b9e34d7b8f80d674b66d3c70/1080p/mp4/file.mp4,2,barrage,https://www.pyrobobs.ca/product-page/canadian-barrage
canadian-pride,Canadian Pride,2099,,CAD,https://video.wixstatic.com/video/fa6517_e2b7d968b5a9424e9ea821dc6bf330ee/480p/mp4/file.mp4,2,barrage,https://www.pyrobobs.ca/product-page/canadian-pride
candy-crackle,Candy Crackle,374,,CAD,https://video.wixstatic.com/video/fa6517_783ee4374675446ca987c58b6947cb7f/1080p/mp4/file.mp4,2,fountain,https://www.pyrobobs.ca/product-page/candy-crackle
carmel-fountain,Carmel Fountain,172,,CAD,https://video.wixstatic.com/video/fa6517_32864f63e0fc449d98583582d96c9925/480p/mp4/file.mp4,2,fountain,https://www.pyrobobs.ca/product-page/carmel-fountain
cdc-9191,CDC-9191,3974,,CAD,https://video.wixstatic.com/video/fa6517_00b4fe92be0348a1a85324a875a545c8/1080p/mp4/file.mp4,2,pro-pyro-cake-vertical,https://www.pyrobobs.ca/product-page/cdc-9191
cdc-9292,CDC-9292,5999,,CAD,https://video.wixstatic.com/video/fa6517_67d5ab6d1ef94639ac40a07ea3885e2b/1080p/mp4/file.mp4,2,pro-pyro-cake-fanned,https://www.pyrobobs.ca/product-page/cdc-9292
cdc-9393,CDC-9393,5624,,CAD,https://video.wixstatic.com/video/fa6517_c3092804afc84f569960d36255c311b0/1080p/mp4/file.mp4,2,pro-pyro-cake-fanned,https://www.pyrobobs.ca/product-page/cdc-9393
cdc-9494,CDC-9494,4424,,CAD,https://video.wixstatic.com/video/fa6517_30fa7d8e06a646a996e0c0ee8862f6b0/1080p/mp4/file.mp4,2,pro-pyro-cake-fanned,https://www.pyrobobs.ca/product-page/cdc-9494
cdc-9595,CDC-9595,4424,,CAD,https://video.wixstatic.com/video/fa6517_3e5ed46e8ee0482fad488de066c9369b/1080p/mp4/file.mp4,2,pro-pyro-cake-fanned,https://www.pyrobobs.ca/product-page/cdc-9595
cdc-9696,CDC-9696,4574,,CAD,https://video.wixstatic.com/video/fa6517_9c3360be90af43409f020969765c882a/1080p/mp4/file.mp4,2,pro-pyro-cake-vertical,https://www.pyrobobs.ca/product-page/cdc-9696
cdc-9797,CDC-9797,4574,,CAD,https://video.wixstatic.com/video/fa6517_c25e66672e604823a3e3c6fd1dc4a1e3/1080p/mp4/file.mp4,2,pro-pyro-cake-vertical,https://www.pyrobobs.ca/product-page/cdc-9797
cdc-9898,CDC-9898,4574,,CAD,https://video.wixstatic.com/video/fa6517_c720d295ba194d3793e355cb3c7c3f67/1080p/mp4/file.mp4,2,pro-pyro-cake-vertical,https://www.pyrobobs.ca/product-page/cdc-9898
cdc-9999,CDC-9999,4799,,CAD,https://video.wixstatic.com/video/fa6517_2155e1280dbd4e41a05dee3cda0eadaf/1080p/mp4/file.mp4,2,pro-pyro-cake-vertical,https://www.pyrobobs.ca/product-page/cdc-9999
cdc-pro-series-collection-new,CDC Pro Series Collection *NEW*,34499,,CAD,,1,family-pack|specials,https://www.pyrobobs.ca/product-page/cdc-pro-series-collection-new
celebration,Celebration,36374,,CAD,,1,family-pack|specials,https://www.pyrobobs.ca/product-page/celebration
chaos,Chaos,2174,,CAD,https://video.wixstatic.com/video/fa6517_c82632522918426c9d1863f4eddf67c7/480p/mp4/file.mp4,2,cake,https://www.pyrobobs.ca/product-page/chaos
charm-fountains-3-pack,Charm Fountains (3 pack),1049,,CAD,,48,fountain,https://www.pyrobobs.ca/product-page/charm-fountains-3-pack
cherry-blaster,Cherry Blaster,1274,,CAD,https://video.wixstatic.com/video/fa6517_ea76a4e246c149d2937a8d83ede15641/1080p/mp4/file.mp4,2,barrage,https://www.pyrobobs.ca/product-page/cherry-blaster
chinook,Chinook,599,,CAD,https://video.wixstatic.com/video/fa6517_d65b5a38ac98403395d9b660cb4ea24e/1080p/mp4/file.mp4,2,fountain,https://www.pyrobobs.ca/product-page/chinook
color-spring-fountain,Color Spring Fountain,412,,CAD,https://video.wixstatic.com/video/fa6517_92a4630237614441ab8cd158187dff4f/1080p/mp4/file.mp4,2,fountain,https://www.pyrobobs.ca/product-page/color-spring-fountain
competition-killer,Competition Killer,32249,,CAD,,1,family-pack,https://www.pyrobobs.ca/product-page/competition-killer
cosmic-blast,Cosmic Blast,974,,CAD,https://video.wixstatic.com/video/fa6517_b00d5f877bd742278e7800f4059ba298/1080p/mp4/file.mp4,2,cake,https://www.pyrobobs.ca/product-page/cosmic-blast
cotton-candy-fountain,Cotton Candy Fountain,224,,CAD,,1,fountain,https://www.pyrobobs.ca/product-page/cotton-candy-fountain
counter-strike,Counter Strike,4499,,CAD,https://video.wixstatic.com/video/fa6517_dc6206f19b6f4aac8bd47a60f86af7e6/1080p/mp4/file.mp4,2,fanned-cake,https://www.pyrobobs.ca/product-page/counter-strike
crackle-jacks-6-pack,Crackle Jacks (6 pack),224,,CAD,https://video.wixstatic.com/video/fa6517_0960d9a02be2483ea7d1fcd3b83d2511/1080p/mp4/file.mp4,2,ground-spinner,https://www.pyrobobs.ca/product-page/crackle-jacks-6-pack
crackling-crysanthemums,Crackling Crysanthemums,4799,,CAD,https://video.wixstatic.com/video/fa6517_c44d136e438a4f4ab69207c0b4c6fe6b/1080p/mp4/file.mp4,2,bobs-featured|pro-pyro-cake-vertical,https://www.pyrobobs.ca/product-page/crackling-crysanthemums
crackling-party,Crackling Party,1649,,CAD,https://video.wixstatic.com/video/fa6517_0162ded65d53452a9f09e4841f350a01/1080p/mp4/file.mp4,2,barrage,https://www.pyrobobs.ca/product-page/crackling-party
crackling-peony-3-pack,Crackling Peony (3 pack),674,,CAD,https://video.wixstatic.com/video/fa6517_81e2853efa6e4b4d903d93f6b04f9040/1080p/mp4/file.mp4,2,mini-floral-bombshell,https://www.pyrobobs.ca/product-page/crackling-peony-3-pack
crackling-thunder,Crackling Thunder,188,,CAD,https://video.wixstatic.com/video/fa6517_41573717350a4a3a8f4cc13bbc9a1339/480p/mp4/file.mp4,2,noise-maker,https://www.pyrobobs.ca/product-page/crackling-thunder
crazee-daisee,Crazee Daisee,1049,,CAD,https://video.wixstatic.com/video/fa6517_934dd1f3b9ce49688c60a739404f98c6/1080p/mp4/file.mp4,2,brazilian-shell,https://www.pyrobobs.ca/product-page/crazee-daisee
crazy-canuck,Crazy Canuck,1949,,CAD,https://video.wixstatic.com/video/fa6517_465808e23db54e87abc4aa3e1dd63839/1080p/mp4/file.mp4,2,cake,https://www.pyrobobs.ca/product-page/crazy-canuck
crazy-ghosts,Crazy Ghosts,6674,,CAD,https://video.wixstatic.com/video/fa6517_f90b2d0b491345a694d182eebdb0051b/480p/mp4/file.mp4,2,cake,https://www.pyrobobs.ca/product-page/crazy-ghosts
creeper,Creeper,4124,,CAD,https://video.wixstatic.com/video/fa6517_631c374aec23423cb21df9c6142e2ea2/480p/mp4/file.mp4,2,cake|specials,https://www.pyrobobs.ca/product-page/creeper
creepers-crypt,Creepers Crypt,6749,,CAD,,1,family-pack,https://www.pyrobobs.ca/product-page/creepers-crypt
custom-choreographed-package,Custom Choreographed Package,100,,CAD,,47,bobs-featured,https://www.pyrobobs.ca/product-page/custom-choreographed-package
d-day,D-Day,11249,,CAD,,1,family-pack,https://www.pyrobobs.ca/product-page/d-day
dancing-butterflies,Dancing Butterflies,2099,,CAD,https://video.wixstatic.com/video/fa6517_8cf75c91f1914208b50affdc843d497e/480p/mp4/file.mp4,2,barrage,https://www.pyrobobs.ca/product-page/dancing-butterflies
dancing-butterfly-3-pack,Dancing Butterfly (3 pack),449,,CAD,https://video.wixstatic.com/video/fa6517_5cbdccabe88648d184cca5b59f2cb850/1080p/mp4/file.mp4,2,fountain,https://www.pyrobobs.ca/product-page/dancing-butterfly-3-pack
dead-ringer,Dead Ringer,4649,,CAD,https://video.wixstatic.com/video/fa6517_cf8cd05f059647aab6876b21c54115ea/1080p/mp4/file.mp4,2,pro-pyro-cake-fanned,https://www.pyrobobs.ca/product-page/dead-ringer
devil-revenge,Devil Revenge,2999,,CAD,https://video.wixstatic.com/video/fa6517_b43ad126bfca48299e06b0cdc393d1c7/1080p/mp4/file.mp4,2,cake,https://www.pyrobobs.ca/product-page/devil-revenge
diablo,Diablo,4124,,CAD,https://video.wixstatic.com/video/fa6517_8bc3ecb465e14a829b814ec0491b6d71/480p/mp4/file.mp4,2,component-barrage|specials,https://www.pyrobobs.ca/product-page/diablo
diabolical,Diabolical,3749,,CAD,https://video.wixstatic.com/video/fa6517_1faa3bb050e2415daabaefdc13669c00/1080p/mp4/file.mp4,2,fanned-cake|specials,https://www.pyrobobs.ca/product-page/diabolical
disturbance,Disturbance,4499,,CAD,https://video.wixstatic.com/video/fa6517_0fe2aebf4d874c98833e7df33dd56367/480p/mp4/file.mp4,2,cake,https://www.pyrobobs.ca/product-page/disturbance
diwali-anaar,Diwali Anaar,749,,CAD,,1,fountain,https://www.pyrobobs.ca/product-page/diwali-anaar
diwali-festival-pack,Diwali Festival Pack,5249,,CAD,,1,family-pack,https://www.pyrobobs.ca/product-page/diwali-festival-pack
diwali-fountain,Diwali Fountain,412,,CAD,https://video.wixstatic.com/video/fa6517_7f63252206d84ede838817daacfefb95/1080p/mp4/file.mp4,2,fountain,https://www.pyrobobs.ca/product-page/diwali-fountain
diwali-party-pack,Diwali Party Pack,6374,,CAD,,1,family-pack,https://www.pyrobobs.ca/product-page/diwali-party-pack
do-or-die,Do or Die,4649,,CAD,https://video.wixstatic.com/video/fa6517_b6da595f84254817825439529b8ef0c8/1080p/mp4/file.mp4,2,fanned-cake,https://www.pyrobobs.ca/product-page/do-or-die
dominator,Dominator,4349,,CAD,,1,family-pack,https://www.pyrobobs.ca/product-page/dominator
doomsday,Doomsday,4874,,CAD,https://video.wixstatic.com/video/fa6517_00de2bbb487e4c3abf1a7db5c626256a/1080p/mp4/file.mp4,2,cake,https://www.pyrobobs.ca/product-page/doomsday
double-thunder-shot,Double Thunder Shot,224,,CAD,https://video.wixstatic.com/video/fa6517_a252d1a5ed484bf0bc95a0894c367e0a/1080p/mp4/file.mp4,2,mini-floral-bombshell,https://www.pyrobobs.ca/product-page/double-thunder-shot
double-trouble,Double Trouble,6224,,CAD,https://video.wixstatic.com/video/fa6517_e29a629ff4944d6489941db007683def/1080p/mp4/file.mp4,2,fanned-cake,https://www.pyrobobs.ca/product-page/double-trouble
dragon-bombs-4-pack,Dragon Bombs (4 pack),749,,CAD,https://video.wixstatic.com/video/fa6517_576291656be04697a2210d6859b798ab/1080p/mp4/file.mp4,2,mini-floral-bombshell,https://www.pyrobobs.ca/product-page/dragon-bombs-4-pack
dragon-s-breath,Dragon's Breath,1049,,CAD,https://video.wixstatic.com/video/fa6517_fa98fc85c8fb46c883e92670640b962f/480p/mp4/file.mp4,2,barrage,https://www.pyrobobs.ca/product-page/dragon-s-breath
dragonfly,Dragonfly,674,,CAD,https://video.wixstatic.com/video/fa6517_5bf0e7ab9c784d5ab99bdfa2018786c6/480p/mp4/file.mp4,2,cake,https://www.pyrobobs.ca/product-page/dragonfly
dragons-breath,Dragons Breath,3674,,CAD,https://video.wixstatic.com/video/fa6517_6a766bb682054618b88d630ddf627c0c/1080p/mp4/file.mp4,2,cake,https://www.pyrobobs.ca/product-page/dragons-breath
dream-catcher,Dream Catcher,449,,CAD,https://video.wixstatic.com/video/fa6517_aa725fbe6e304dae93671dfc5883148e/1080p/mp4/file.mp4,2,bombshell,https://www.pyrobobs.ca/product-page/dream-catcher
dream-weaver,Dream Weaver,2624,,CAD,https://video.wixstatic.com/video/fa6517_c5cc89c23f754b488b7232d5f540541b/1080p/mp4/file.mp4,2,component-barrage,https://www.pyrobobs.ca/product-page/dream-weaver
dynamo,Dynamo,1274,,CAD,https://video.wixstatic.com/video/fa6517_13f0f5cf02b54274836d746d6c37611d/1080p/mp4/file.mp4,2,barrage,https://www.pyrobobs.ca/product-page/dynamo
electric-shock,Electric Shock,3974,,CAD,,1,family-pack,https://www.pyrobobs.ca/product-page/electric-shock
emerald-forest,Emerald Forest,1049,,CAD,https://video.wixstatic.com/video/fa6517_11efa7ce74344858806d7a380c767009/480p/mp4/file.mp4,2,barrage,https://www.pyrobobs.ca/product-page/emerald-forest
emperor-s-tattoo,Emperor's Tattoo,674,,CAD,https://video.wixstatic.com/video/fa6517_7227a20ea8294940a4b630ad119e129a/1080p/mp4/file.mp4,2,fountain,https://www.pyrobobs.ca/product-page/emperor-s-tattoo
envy,Envy,5249,,CAD,https://video.wixstatic.com/video/fa6517_a83ca03e8dc646ad93fe939ad5343590/1080p/mp4/file.mp4,2,fanned-cake,https://www.pyrobobs.ca/product-page/envy
epic-thunder,Epic Thunder,2999,,CAD,https://video.wixstatic.com/video/fa6517_bb336c99077147d2ba7153e0ee6482c3/360p/mp4/file.mp4,2,cake|specials,https://www.pyrobobs.ca/product-page/epic-thunder
erupting-comets,Erupting Comets,1274,,CAD,https://video.wixstatic.com/video/fa6517_9d777cb3f4ad4fc9b1aac58e00b602bd/1080p/mp4/file.mp4,2,cake,https://www.pyrobobs.ca/product-page/erupting-comets
executioner,Executioner,4499,,CAD,https://video.wixstatic.com/video/fa6517_4f41b99bc8484187af4b7f62de2803e3/480p/mp4/file.mp4,2,cake,https://www.pyrobobs.ca/product-page/executioner
fallen-angel,Fallen Angel,4875,,CAD,https://video.wixstatic.com/video/fa6517_d89cd9e7512a467890b53314c10000a1/480p/mp4/file.mp4,2,bobs-featured|cake,https://www.pyrobobs.ca/product-page/fallen-angel
fan-tail,Fan Tail,1124,,CAD,https://video.wixstatic.com/video/fa6517_02c6b7b5eb8b4fd29d66f82b427fb06f/1080p/mp4/file.mp4,2,fountain,https://www.pyrobobs.ca/product-page/fan-tail
fanatic,Fanatic,4049,,CAD,https://video.wixstatic.com/video/fa6517_d1172ca562c9429dbf40440ad4cc1715/1080p/mp4/file.mp4,2,fanned-cake,https://www.pyrobobs.ca/product-page/fanatic
fantastic-fountains-4-pack,Fantastic Fountains (4 pack),1574,,CAD,,1,fountain,https://www.pyrobobs.ca/product-page/fantastic-fountains-4-pack
fat-tuesday,Fat Tuesday,2024,,CAD,https://video.wixstatic.com/video/fa6517_39a978d2ce274526ad39f6317d669a14/480p/mp4/file.mp4,2,fountain,https://www.pyrobobs.ca/product-page/fat-tuesday
fatal-attraction,Fatal Attraction,1349,,CAD,https://video.wixstatic.com/video/fa6517_28e4037fe0f74d94ad90c92962c41567/1080p/mp4/file.mp4,2,cake,https://www.pyrobobs.ca/product-page/fatal-attraction
fear-no-evil,Fear No Evil,2474,,CAD,https://video.wixstatic.com/video/fa6517_efd263756a694a678d5051d0367dea1a/1080p/mp4/file.mp4,2,component-barrage,https://www.pyrobobs.ca/product-page/fear-no-evil
final-countdown,Final Countdown,4124,,CAD,https://video.wixstatic.com/video/fa6517_7ca5424a211c420196de580ac47b9db1/1080p/mp4/file.mp4,2,cake,https://www.pyrobobs.ca/product-page/final-countdown
final-detonation,Final Detonation,2624,,CAD,https://video.wixstatic.com/video/fa6517_f002d3d2aec9427aae173503dd2857c6/1080p/mp4/file.mp4,2,cake,https://www.pyrobobs.ca/product-page/final-detonation
fire-play,Fire Play,599,,CAD,https://video.wixstatic.com/video/fa6517_2ae0779ea47640008fdcda10fc76be65/1080p/mp4/file.mp4,2,bombshell,https://www.pyrobobs.ca/product-page/fire-play
fish-frenzy,Fish Frenzy,3224,,CAD,,1,fanned-cake,https://www.pyrobobs.ca/product-page/fish-frenzy
fish-tank,Fish Tank,1949,,CAD,https://video.wixstatic.com/video/fa6517_6095ba9488594221b0c5f9b00aefb3b7/1080p/mp4/file.mp4,2,cake,https://www.pyrobobs.ca/product-page/fish-tank
fists-of-fury,Fists of Fury,1949,,CAD,https://video.wixstatic.com/video/fa6517_be450e4da25447a880185d36ed0ed254/1080p/mp4/file.mp4,2,cake,https://www.pyrobobs.ca/product-page/fists-of-fury
flare,Flare!,1499,,CAD,https://video.wixstatic.com/video/fa6517_1cfd86c80d9f4ade811204cf950bbf88/1080p/mp4/file.mp4,2,cake|specials,https://www.pyrobobs.ca/product-page/flare
flash,Flash!,1499,,CAD,https://video.wixstatic.com/video/fa6517_01e3b6679b1441c9bb96b056618cf23c/1080p/mp4/file.mp4,2,bobs-featured|cake|specials,https://www.pyrobobs.ca/product-page/flash
flash-flicker-flare,"Flash!, Flicker!, Flare!",4331,,CAD,,1,family-pack,https://www.pyrobobs.ca/product-page/flash-flicker-flare
flash-flitter-strobes,Flash Flitter Strobes,247,,CAD,https://video.wixstatic.com/video/fa6517_c8feac1ae5144395949e67e522a9a9a9/1080p/mp4/file.mp4,2,novelty-item,https://www.pyrobobs.ca/product-page/flash-flitter-strobes
flicker,Flicker!,1499,,CAD,https://video.wixstatic.com/video/fa6517_93491d14db4148d5b021cee87efc0735/1080p/mp4/file.mp4,2,bobs-featured|cake|specials,https://www.pyrobobs.ca/product-page/flicker
floral-bombshell-4-pack,Floral Bombshell (4 pack),949,,CAD,https://video.wixstatic.com/video/fa6517_77d8dd3519c84ed380a956bfcbed18cc/480p/mp4/file.mp4,2,mini-floral-bombshell,https://www.pyrobobs.ca/product-page/floral-bombshell-4-pack
flower-pots-10-pack,Flower Pots (10 pack),404,,CAD,https://video.wixstatic.com/video/fa6517_353146fd13784f8baf3a66d4e7cd0c2b/480p/mp4/file.mp4,2,fountain,https://www.pyrobobs.ca/product-page/flower-pots-10-pack
flower-pots-3-pack,Flower Pots (3 pack),674,,CAD,,1,fountain,https://www.pyrobobs.ca/product-page/flower-pots-3-pack
flying-ghost,Flying Ghost,247,,CAD,https://video.wixstatic.com/video/fa6517_24618d2c0087406fbcaeffb8d795bf17/1080p/mp4/file.mp4,2,novelty-item,https://www.pyrobobs.ca/product-page/flying-ghost
flying-swordfish,Flying Swordfish,3449,,CAD,https://video.wixstatic.com/video/fa6517_346e8befc01f41a884b949efd5d518b9/480p/mp4/file.mp4,2,cake,https://www.pyrobobs.ca/product-page/flying-swordfish
fortune-teller,Fortune Teller,5699,,CAD,https://video.wixstatic.com/video/fa6517_bfca77aa71fe4ef4970160387bf056c5/480p/mp4/file.mp4,2,bobs-featured|fanned-cake|specials,https://www.pyrobobs.ca/product-page/fortune-teller
fragmented,Fragmented,5474,,CAD,https://video.wixstatic.com/video/fa6517_3ff1d5f308e74370b7152f4c984e4201/720p/mp4/file.mp4,2,cake,https://www.pyrobobs.ca/product-page/fragmented
frantic,Frantic,2174,,CAD,https://video.wixstatic.com/video/fa6517_aa37967840324f0582f467ced524cd5d/720p/mp4/file.mp4,2,cake,https://www.pyrobobs.ca/product-page/frantic
friendship-fountain,Friendship Fountain,104,,CAD,https://video.wixstatic.com/video/fa6517_5f8fa2de610d4eb197a297535a6bfa75/1080p/mp4/file.mp4,2,fountain,https://www.pyrobobs.ca/product-page/friendship-fountain
frost-bite,Frost Bite,4874,,CAD,https://video.wixstatic.com/video/fa6517_a290b997cb8e4db69259b474140b03fa/1080p/mp4/file.mp4,2,cake,https://www.pyrobobs.ca/product-page/frost-bite
full-charge-new,Full Charge *NEW*,1049,4649,CAD,,48,pro-pyro-cake-fanned,https://www.pyrobobs.ca/product-page/full-charge-new
full-power,Full Power,11624,,CAD,,1,family-pack,https://www.pyrobobs.ca/product-page/full-power
funhouse,Funhouse,4499,,CAD,https://video.wixstatic.com/video/fa6517_72fd95c8487a4494aee76241b7550959/480p/mp4/file.mp4,2,cake,https://www.pyrobobs.ca/product-page/funhouse
galactic,Galactic,599,,CAD,,1,cake,https://www.pyrobobs.ca/product-page/galactic
galaxy,Galaxy,1049,,CAD,https://video.wixstatic.com/video/fa6517_8791b124dbda4f2ab56464b1147cf029/1080p/mp4/file.mp4,2,bombshell,https://www.pyrobobs.ca/product-page/galaxy
gangsta-blast,Gangsta Blast,2024,,CAD,https://video.wixstatic.com/video/fa6517_2d24836c00754ed2b0a8294da31182e5/1080p/mp4/file.mp4,2,barrage,https://www.pyrobobs.ca/product-page/gangsta-blast
gargoyle,Gargoyle,5324,,CAD,https://video.wixstatic.com/video/fa6517_a0edde8d1ec144edbe6e0708441dd145/480p/mp4/file.mp4,2,cake,https://www.pyrobobs.ca/product-page/gargoyle
gattling-gun,Gattling Gun,4124,,CAD,https://video.wixstatic.com/video/fa6517_a9d75ce49eef4686a91f9d9efa78de92/1080p/mp4/file.mp4,2,component-barrage|specials,https://www.pyrobobs.ca/product-page/gattling-gun
ghost-buster,Ghost Buster,2099,,CAD,https://video.wixstatic.com/video/fa6517_88bfcdb510d947948b2cc63c8b37e401/1080p/mp4/file.mp4,2,barrage,https://www.pyrobobs.ca/product-page/ghost-buster
ghostly-delight,Ghostly Delight,3299,,CAD,https://video.wixstatic.com/video/fa6517_1903cfb89b1c4bb3a15d34b560d4c99c/1080p/mp4/file.mp4,2,fountain,https://www.pyrobobs.ca/product-page/ghostly-delight
give-r,Give'r!,2999,,CAD,https://video.wixstatic.com/video/fa6517_1e876b875203488f95c7fce7863f7258/1080p/mp4/file.mp4,2,cake,https://www.pyrobobs.ca/product-page/give-r
glitter-pack-3-pack,Glitter Pack (3 pack),674,,CAD,https://video.wixstatic.com/video/fa6517_144989edf546432186aec8d3aa53e704/1080p/mp4/file.mp4,2,mini-floral-bombshell,https://www.pyrobobs.ca/product-page/glitter-pack-3-pack
glittering-brocades,Glittering Brocades,6187,,CAD,https://video.wixstatic.com/video/fa6517_104f8b31a5824f1482ef2672eaa6d944/1080p/mp4/file.mp4,2,bobs-featured|pro-pyro-cake-vertical|specials,https://www.pyrobobs.ca/product-page/glittering-brocades
go-fish,Go Fish!,7499,,CAD,https://video.wixstatic.com/video/fa6517_ca3639a515c04e1da681a21915b76396/1080p/mp4/file.mp4,2,fanned-cake,https://www.pyrobobs.ca/product-page/go-fish
gold-dust,Gold Dust,599,,CAD,https://video.wixstatic.com/video/fa6517_e3a3b038f88f4c0381b86dd20938bad4/1080p/mp4/file.mp4,2,cake,https://www.pyrobobs.ca/product-page/gold-dust
gold-fish,Gold Fish,674,,CAD,https://video.wixstatic.com/video/fa6517_d52462c3b1214ff58f99e545a4d48e1e/480p/mp4/file.mp4,2,bombshell,https://www.pyrobobs.ca/product-page/gold-fish
gold-palms,Gold Palms,4799,,CAD,https://video.wixstatic.com/video/fa6517_da20c6d7add34f5eaf36b1460bef84ee/1080p/mp4/file.mp4,2,pro-pyro-cake-vertical,https://www.pyrobobs.ca/product-page/gold-palms
gold-strobe,Gold Strobe,299,,CAD,https://video.wixstatic.com/video/fa6517_29af874f7bb64755b07bc6bff85d4634/1080p/mp4/file.mp4,2,fountain,https://www.pyrobobs.ca/product-page/gold-strobe
golden-eye,Golden Eye,449,,CAD,https://video.wixstatic.com/video/fa6517_f3893a4c01424ea4843da654cb0f1eee/1080p/mp4/file.mp4,2,bombshell,https://www.pyrobobs.ca/product-page/golden-eye
golden-nugget,Golden Nugget,5249,,CAD,https://video.wixstatic.com/video/fa6517_c55ecff462ff4272be78b52c4e5c9cf7/1080p/mp4/file.mp4,2,pro-pyro-cake-vertical,https://www.pyrobobs.ca/product-page/golden-nugget
golden-rain-willow,Golden Rain Willow,1349,,CAD,https://video.wixstatic.com/video/fa6517_2e6410e7f41a42f2bd9c9cc0035e70ab/480p/mp4/file.mp4,2,bombshell,https://www.pyrobobs.ca/product-page/golden-rain-willow
grand-finale,Grand Finale,3974,,CAD,https://video.wixstatic.com/video/fa6517_f59f5bfb52c84349800c1456bc2d7733/1080p/mp4/file.mp4,2,cake,https://www.pyrobobs.ca/product-page/grand-finale
grape-soda,Grape Soda,899,,CAD,https://video.wixstatic.com/video/fa6517_1b6806d5693f4577a659e23b14171436/1080p/mp4/file.mp4,2,cake,https://www.pyrobobs.ca/product-page/grape-soda
grave-digger,Grave Digger,2324,,CAD,https://video.wixstatic.com/video/fa6517_d8aac14743f14c26bf6ec476c15471d9/1080p/mp4/file.mp4,2,cake,https://www.pyrobobs.ca/product-page/grave-digger
great-bear-boom,Great Bear Boom,3674,,CAD,https://video.wixstatic.com/video/fa6517_ef2c999132a84c0ab65a5fb2bc34a5ee/1080p/mp4/file.mp4,2,cake,https://www.pyrobobs.ca/product-page/great-bear-boom
great-white-north,Great White North,3149,,CAD,https://video.wixstatic.com/video/fa6517_8786f66156904451a98bb5fb8f3c1990/1080p/mp4/file.mp4,2,cake,https://www.pyrobobs.ca/product-page/great-white-north
great-white-shark,Great White Shark,3074,,CAD,https://video.wixstatic.com/video/fa6517_544ad0252ea2444d90cdbaf5281b3419/480p/mp4/file.mp4,2,cake,https://www.pyrobobs.ca/product-page/great-white-shark
greedy-goblins,Greedy Goblins,3974,,CAD,https://video.wixstatic.com/video/fa6517_b75bf552879a4e6598348a6f17a99629/1080p/mp4/file.mp4,2,cake,https://www.pyrobobs.ca/product-page/greedy-goblins
green-gold-fountain,Green &amp; Gold Fountain,299,,CAD,,1,fountain,https://www.pyrobobs.ca/product-page/green-gold-fountain
gremlin,Gremlin,3449,,CAD,https://video.wixstatic.com/video/fa6517_602974e217f2486eb0391331aa08614d/1080p/mp4/file.mp4,2,cake,https://www.pyrobobs.ca/product-page/gremlin
grim-reaper,Grim Reaper,6974,,CAD,https://video.wixstatic.com/video/fa6517_207e9a41d11747bd8f906bf14818e843/480p/mp4/file.mp4,2,cake,https://www.pyrobobs.ca/product-page/grim-reaper
ground-bloom-flower-6-pack,Ground Bloom Flower (6 pack),224,,CAD,https://video.wixstatic.com/video/fa6517_162f8b1ebac8432090143ec50cba3001/480p/mp4/file.mp4,2,ground-spinner,https://www.pyrobobs.ca/product-page/ground-bloom-flower-6-pack
habanero,Habanero,251,,CAD,https://video.wixstatic.com/video/fa6517_cf435e0c884644d2bda689bb3f137884/720p/mp4/file.mp4,2,comet,https://www.pyrobobs.ca/product-page/habanero
happy-diwali,Happy Diwali,427,,CAD,https://video.wixstatic.com/video/fa6517_a7d6a4b990a44facadd87c0912f1f6e8/1080p/mp4/file.mp4,2,fountain,https://www.pyrobobs.ca/product-page/happy-diwali
happy-hour,Happy Hour,11249,,CAD,,1,family-pack,https://www.pyrobobs.ca/product-page/happy-hour
hard-core,Hard Core,4199,,CAD,https://video.wixstatic.com/video/fa6517_38d898716ce448438d996d4993b4a789/480p/mp4/file.mp4,2,pro-pyro-cake-vertical,https://www.pyrobobs.ca/product-page/hard-core
heart-attack,Heart Attack,5174,,CAD,https://video.wixstatic.com/video/fa6517_c4d0ff52eb924f49b918fb61506aa334/1080p/mp4/file.mp4,2,cake,https://www.pyrobobs.ca/product-page/heart-attack
heat-wave,Heat Wave,3674,,CAD,https://video.wixstatic.com/video/fa6517_28935873d3f94e849547ad353afe4f86/1080p/mp4/file.mp4,2,cake,https://www.pyrobobs.ca/product-page/heat-wave
heavenly-fountain,Heavenly Fountain,224,,CAD,,1,fountain,https://www.pyrobobs.ca/product-page/heavenly-fountain
heavy-duty,Heavy Duty,18374,,CAD,,1,family-pack,https://www.pyrobobs.ca/product-page/heavy-duty
helicopter,Helicopter,412,,CAD,https://video.wixstatic.com/video/fa6517_b9e546325ec64bfda81b0d98fb331f4f/1080p/mp4/file.mp4,2,wheel,https://www.pyrobobs.ca/product-page/helicopter
hell-breaks-loose,Hell Breaks Loose,4499,,CAD,https://video.wixstatic.com/video/fa6517_c1b0e38b2f0049afbdb3faa17ff2e0ed/480p/mp4/file.mp4,2,cake,https://www.pyrobobs.ca/product-page/hell-breaks-loose
hell-s-gate,Hell's Gate,2999,,CAD,https://video.wixstatic.com/video/fa6517_419c8f0f9e764a7588ef138b4ac2d151/480p/mp4/file.mp4,2,pro-pyro-cake-vertical,https://www.pyrobobs.ca/product-page/hell-s-gate
hellfire,Hellfire,1049,,CAD,https://video.wixstatic.com/video/fa6517_e7ccd6c211b44259afec1132239bd970/1080p/mp4/file.mp4,2,barrage,https://www.pyrobobs.ca/product-page/hellfire
hellraiser,Hellraiser,5999,,CAD,https://video.wixstatic.com/video/fa6517_4c4fb2cbb75b404298ff52be8f34fc04/480p/mp4/file.mp4,2,fanned-cake,https://www.pyrobobs.ca/product-page/hellraiser
high-roller,High Roller,3374,,CAD,,1,family-pack,https://www.pyrobobs.ca/product-page/high-roller
hot-shot,Hot Shot,524,,CAD,https://video.wixstatic.com/video/fa6517_fe45e5f64a48468da8425e3ca38ed345/1080p/mp4/file.mp4,2,cake,https://www.pyrobobs.ca/product-page/hot-shot
hot-tamali,Hot Tamali,524,,CAD,https://video.wixstatic.com/video/fa6517_bf7171d1c88a43ebb14a8f4e8d45b1e2/1080p/mp4/file.mp4,2,cake,https://www.pyrobobs.ca/product-page/hot-tamali
howitzer,Howitzer,5024,,CAD,https://video.wixstatic.com/video/fa6517_a9e0fb342e744f4f88af6f2c2fbafe60/480p/mp4/file.mp4,2,fanned-cake,https://www.pyrobobs.ca/product-page/howitzer
howl-at-the-moon,Howl at the Moon,6224,,CAD,https://video.wixstatic.com/video/fa6517_d123cdd71226415aa3c43d92926f5bdd/480p/mp4/file.mp4,2,cake,https://www.pyrobobs.ca/product-page/howl-at-the-moon
hummer-5-pack,Hummer (5 pack),449,,CAD,https://video.wixstatic.com/video/fa6517_4a7f28644e7644009f5520321c53fc46/1080p/mp4/file.mp4,2,noise-maker,https://www.pyrobobs.ca/product-page/hummer-5-pack
hypnotic,Hypnotic,2024,,CAD,https://video.wixstatic.com/video/fa6517_653240cb04dc41b8b597d774df17a908/1080p/mp4/file.mp4,2,cake,https://www.pyrobobs.ca/product-page/hypnotic
ice-storm,Ice Storm,2999,,CAD,https://video.wixstatic.com/video/fa6517_154bfa97f8c941e7bebc590f6867d7c9/1080p/mp4/file.mp4,2,cake,https://www.pyrobobs.ca/product-page/ice-storm
illuminator,Illuminator,1049,,CAD,https://video.wixstatic.com/video/fa6517_14df0b36545046f3942ed578b44eefab/1080p/mp4/file.mp4,2,barrage,https://www.pyrobobs.ca/product-page/illuminator
inferno,Inferno,1049,,CAD,https://video.wixstatic.com/video/fa6517_1257d47320a14321b9361f3e984fe5a5/480p/mp4/file.mp4,2,barrage,https://www.pyrobobs.ca/product-page/inferno
intensity,Intensity,5999,,CAD,https://video.wixstatic.com/video/fa6517_83175de308244bdf8958e14bf823ef74/1080p/mp4/file.mp4,2,fanned-cake,https://www.pyrobobs.ca/product-page/intensity
jack-frost,Jack Frost,5324,,CAD,https://video.wixstatic.com/video/fa6517_615841a7149a4d79a18b819e7464241b/480p/mp4/file.mp4,2,cake,https://www.pyrobobs.ca/product-page/jack-frost
jackpot-fountain,Jackpot Fountain,1124,,CAD,https://video.wixstatic.com/video/fa6517_e7fd879df4af4fe481e79a270c7e8575/480p/mp4/file.mp4,2,fountain,https://www.pyrobobs.ca/product-page/jackpot-fountain
jet-stream,Jet Stream,322,,CAD,https://video.wixstatic.com/video/fa6517_6ab3598f41eb4e4daa91175d93c44c11/1080p/mp4/file.mp4,2,fountain,https://www.pyrobobs.ca/product-page/jet-stream
joker,Joker,7499,,CAD,https://video.wixstatic.com/video/fa6517_80d5cfb7a77d461f9f100fbbc5a45f7e/480p/mp4/file.mp4,2,cake,https://www.pyrobobs.ca/product-page/joker
judgement-day,Judgement Day,5099,,CAD,https://video.wixstatic.com/video/fa6517_dd0a89edb1a94ba0837160490c2945f3/1080p/mp4/file.mp4,2,fanned-cake,https://www.pyrobobs.ca/product-page/judgement-day
jumbo-ground-bloom-flower-6-pack,Jumbo Ground Bloom Flower (6 pack),374,,CAD,https://video.wixstatic.com/video/fa6517_ddc8b890b2914af2bfc3a8dc92f71191/480p/mp4/file.mp4,2,ground-spinner,https://www.pyrobobs.ca/product-page/jumbo-ground-bloom-flower-6-pack
jumping-jacks-6-pack,Jumping Jacks (6 pack),374,,CAD,https://video.wixstatic.com/video/fa6517_55b18abdef4c4c3093cea656ed6cad57/1080p/mp4/file.mp4,2,ground-spinner,https://www.pyrobobs.ca/product-page/jumping-jacks-6-pack
kamikaze,Kamikaze,4124,,CAD,https://video.wixstatic.com/video/fa6517_2756d24ff9ed4ed9ab0a5e93c444b2cb/480p/mp4/file.mp4,2,component-barrage,https://www.pyrobobs.ca/product-page/kamikaze
kamikaze-komet,Kamikaze Komet,749,,CAD,https://video.wixstatic.com/video/fa6517_6781fbadb8f945ab85997e81e4601f86/1080p/mp4/file.mp4,2,comet,https://www.pyrobobs.ca/product-page/kamikaze-komet
kerfuffle,Kerfuffle,1574,,CAD,https://video.wixstatic.com/video/fa6517_85b94055aac34b8dac49518583edd3cb/1080p/mp4/file.mp4,2,cake,https://www.pyrobobs.ca/product-page/kerfuffle
killerbolt,Killerbolt,674,,CAD,https://video.wixstatic.com/video/fa6517_000f37729c4247869fc96b27a8c2def9/1080p/mp4/file.mp4,2,fountain,https://www.pyrobobs.ca/product-page/killerbolt
king-me-new,King Me *NEW*,674,,CAD,,1,mine,https://www.pyrobobs.ca/product-page/king-me-new
king-of-cool,King of Cool,11249,,CAD,,1,family-pack,https://www.pyrobobs.ca/product-page/king-of-cool
king-of-the-block,King of the Block,7874,,CAD,,1,family-pack,https://www.pyrobobs.ca/product-page/king-of-the-block
knockout,Knockout,6749,,CAD,,1,family-pack,https://www.pyrobobs.ca/product-page/knockout
ladybug,Ladybug,674,,CAD,https://video.wixstatic.com/video/fa6517_9c2ecd501c16468e9a56165c61e645c6/480p/mp4/file.mp4,2,cake,https://www.pyrobobs.ca/product-page/ladybug
latin-beat,Latin Beat,2099,,CAD,https://video.wixstatic.com/video/fa6517_c2ceec4ce6af4f09a8db13869cd7a602/1080p/mp4/file.mp4,2,barrage,https://www.pyrobobs.ca/product-page/latin-beat
lay-down-the-law,Lay Down the Law,5249,,CAD,,1,family-pack,https://www.pyrobobs.ca/product-page/lay-down-the-law
light-the-night,Light the Night!,2324,,CAD,https://video.wixstatic.com/video/fa6517_8820ce31b8ed4e249507754468248142/1080p/mp4/file.mp4,2,cake,https://www.pyrobobs.ca/product-page/light-the-night
little-big-shot,Little Big Shot,1049,,CAD,https://video.wixstatic.com/video/fa6517_49387344f07a4cb4a7ae00cb5761c5d8/1080p/mp4/file.mp4,2,cake,https://www.pyrobobs.ca/product-page/little-big-shot
lock-down,Lock Down,3449,,CAD,https://video.wixstatic.com/video/fa6517_9f41b0d7832641ad8bae47d95cd54ab0/480p/mp4/file.mp4,2,bobs-featured|pro-pyro-cake-vertical|specials,https://www.pyrobobs.ca/product-page/lock-down
looney-bin,Looney Bin,3599,,CAD,https://video.wixstatic.com/video/fa6517_7509f0c3037747db8233b1384fcb3d56/1080p/mp4/file.mp4,2,cake,https://www.pyrobobs.ca/product-page/looney-bin
loud-clear,Loud &amp; Clear,2774,,CAD,https://video.wixstatic.com/video/fa6517_e1a13a60ce5443ceaaba0b283c0a0c6a/1080p/mp4/file.mp4,2,cake,https://www.pyrobobs.ca/product-page/loud-clear
love-at-first-light,Love at First Light,7874,,CAD,,1,family-pack,https://www.pyrobobs.ca/product-page/love-at-first-light
lucky-charm,Lucky Charm,599,,CAD,https://video.wixstatic.com/video/fa6517_d0dd58895b584593a47a2868f35ac86c/1080p/mp4/file.mp4,2,bombshell,https://www.pyrobobs.ca/product-page/lucky-charm
lucky-loonie,Lucky Loonie,5924,,CAD,https://video.wixstatic.com/video/fa6517_cc512debb9eb43888d954de9d6652923/1080p/mp4/file.mp4,2,cake,https://www.pyrobobs.ca/product-page/lucky-loonie
luna-new,Luna *NEW*,1574,,CAD,,1,bobs-featured|cake|specials,https://www.pyrobobs.ca/product-page/luna-new
lyra-new,Lyra *NEW*,1574,,CAD,,1,cake,https://www.pyrobobs.ca/product-page/lyra-new
mad-house,Mad House,2174,,CAD,https://video.wixstatic.com/video/fa6517_c51dfabc547a45b489e04b802c423da6/1080p/mp4/file.mp4,2,cake|specials,https://www.pyrobobs.ca/product-page/mad-house
magic-pumpkin,Magic Pumpkin,2699,,CAD,https://video.wixstatic.com/video/fa6517_6a40c039a3ad48cca7ac73ecc569933e/360p/mp4/file.mp4,2,fountain,https://www.pyrobobs.ca/product-page/magic-pumpkin
magic-stick,Magic Stick,412,,CAD,https://video.wixstatic.com/video/fa6517_f56bc9261578436baeda06421c6485c1/1080p/mp4/file.mp4,2,fountain,https://www.pyrobobs.ca/product-page/magic-stick
magnum-bombard,Magnum Bombard,749,,CAD,https://video.wixstatic.com/video/fa6517_3b763518895143008fd3795e4f3aab7b/480p/mp4/file.mp4,2,specialty-bombette,https://www.pyrobobs.ca/product-page/magnum-bombard
main-event,Main Event,54374,,CAD,,1,block-party-pack|specials,https://www.pyrobobs.ca/product-page/main-event
majestic,Majestic,6299,,CAD,https://video.wixstatic.com/video/fa6517_b4ec6251eebb48718ab06ff4d89d5547/1080p/mp4/file.mp4,2,fanned-cake,https://www.pyrobobs.ca/product-page/majestic
malevolent,Malevolent,5249,,CAD,https://video.wixstatic.com/video/fa6517_74267139e2c24154b76679b938994e79/480p/mp4/file.mp4,2,bobs-featured|cake|specials,https://www.pyrobobs.ca/product-page/malevolent
maple-madness,Maple Madness,1574,,CAD,https://video.wixstatic.com/video/fa6517_58d3579aa5b2443da367a9119166af78/1080p/mp4/file.mp4,2,cake|specials,https://www.pyrobobs.ca/product-page/maple-madness
master-blaster,Master Blaster,4124,,CAD,https://video.wixstatic.com/video/fa6517_7091b8facd1742519cdeeb6bd4af8efb/1080p/mp4/file.mp4,2,cake,https://www.pyrobobs.ca/product-page/master-blaster
masterpiece,Masterpiece,3674,,CAD,https://video.wixstatic.com/video/fa6517_9f34a772ac2e46518059ae6b1c56d71b/720p/mp4/file.mp4,2,cake|specials,https://www.pyrobobs.ca/product-page/masterpiece
max-d-out,Max'd Out,34874,,CAD,,1,family-pack,https://www.pyrobobs.ca/product-page/max-d-out
mean-machine,Mean Machine,524,,CAD,https://video.wixstatic.com/video/fa6517_cb53bc31b2424a41832337fd19f9c5ed/1080p/mp4/file.mp4,2,cake,https://www.pyrobobs.ca/product-page/mean-machine
medusa,Medusa,4874,,CAD,https://video.wixstatic.com/video/fa6517_e76874249de3417abdfd91d68561fc96/360p/mp4/file.mp4,2,cake,https://www.pyrobobs.ca/product-page/medusa
menace,Menace,4124,,CAD,https://video.wixstatic.com/video/fa6517_57662e44ec3d470db55428932f7172f8/1080p/mp4/file.mp4,2,cake|specials,https://www.pyrobobs.ca/product-page/menace
meteor-shower,Meteor Shower,1274,,CAD,https://video.wixstatic.com/video/fa6517_87d579547aac4d98a4fb354ee9480d2a/480p/mp4/file.mp4,2,cake,https://www.pyrobobs.ca/product-page/meteor-shower
mexican-jumping-beans,Mexican Jumping Beans,2699,,CAD,https://video.wixstatic.com/video/fa6517_ace420ddf8534759a45cd83e1aa614fc/480p/mp4/file.mp4,2,fountain,https://www.pyrobobs.ca/product-page/mexican-jumping-beans
mighty-canadian,Mighty Canadian,5699,,CAD,,1,family-pack,https://www.pyrobobs.ca/product-page/mighty-canadian
mind-bender,Mind Bender,4424,,CAD,https://video.wixstatic.com/video/fa6517_7c86ab33610d4b59b0a08326733c1222/1080p/mp4/file.mp4,2,cake,https://www.pyrobobs.ca/product-page/mind-bender
mini-menace,Mini Menace,974,,CAD,https://video.wixstatic.com/video/fa6517_2bd5cae6db9a4bd9a30fe6dbc7831a3c/1080p/mp4/file.mp4,2,cake,https://www.pyrobobs.ca/product-page/mini-menace
missile-box,Missile Box,50925,,CAD,,1,bobs-featured|family-pack|specials,https://www.pyrobobs.ca/product-page/missile-box
missile-launcher,Missile Launcher,449,,CAD,https://video.wixstatic.com/video/fa6517_df068788b6a14cc9bdac447622f577b6/1080p/mp4/file.mp4,2,rockets-missiles,https://www.pyrobobs.ca/product-page/missile-launcher
molten-fury,Molten Fury,2624,,CAD,https://video.wixstatic.com/video/fa6517_7be829c2abbe47869f0608146554aa3f/1080p/mp4/file.mp4,2,cake,https://www.pyrobobs.ca/product-page/molten-fury
monster-truck,Monster Truck,524,,CAD,https://video.wixstatic.com/video/fa6517_03c6d18509c1446a8b865cd44d0895e2/1080p/mp4/file.mp4,2,novelty-item,https://www.pyrobobs.ca/product-page/monster-truck
mountains-of-fountains,Mountains of Fountains,8474,,CAD,,1,family-pack,https://www.pyrobobs.ca/product-page/mountains-of-fountains
multicolor-peony,Multicolor Peony,1049,,CAD,https://video.wixstatic.com/video/fa6517_2c1ca70c059a4a2eadc5746097fc2e1f/1080p/mp4/file.mp4,2,brazilian-shell,https://www.pyrobobs.ca/product-page/multicolor-peony
multicolor-stargun,Multicolor Stargun,487,,CAD,,1,specialty-bombette,https://www.pyrobobs.ca/product-page/multicolor-stargun
multicolour-peonies,Multicolour Peonies,4799,,CAD,https://video.wixstatic.com/video/fa6517_1d0ad7a00edf4af1ad5b37e11659e20c/1080p/mp4/file.mp4,2,bobs-featured|pro-pyro-cake-vertical,https://www.pyrobobs.ca/product-page/multicolour-peonies
mystical-air-bomb,Mystical Air Bomb,188,,CAD,https://video.wixstatic.com/video/fa6517_463cba18001b431fafcff91ca9047541/1080p/mp4/file.mp4,2,noise-maker,https://www.pyrobobs.ca/product-page/mystical-air-bomb
mystical-bomb-box,Mystical Bomb Box,13499,,CAD,,1,family-pack,https://www.pyrobobs.ca/product-page/mystical-bomb-box
mystical-cherry-bomb,Mystical Cherry Bomb,188,,CAD,https://video.wixstatic.com/video/fa6517_0817a91f68cb4c5abffa184f4beaad0e/480p/mp4/file.mp4,2,noise-maker,https://www.pyrobobs.ca/product-page/mystical-cherry-bomb
mystical-cherry-box,Mystical Cherry Box,6749,,CAD,,1,family-pack,https://www.pyrobobs.ca/product-page/mystical-cherry-box
mystical-cone-3,Mystical Cone #3,427,,CAD,https://video.wixstatic.com/video/fa6517_bcef4e738f40474a97ae181ea415381a/1080p/mp4/file.mp4,2,fountain,https://www.pyrobobs.ca/product-page/mystical-cone-3
mystical-shotgun-shells,Mystical Shotgun Shells,262,,CAD,https://video.wixstatic.com/video/fa6517_3c08dddd86524d4fbdb9a2531f52a569/1080p/mp4/file.mp4,2,noise-maker,https://www.pyrobobs.ca/product-page/mystical-shotgun-shells
night-assault,Night Assault,2174,,CAD,https://video.wixstatic.com/video/fa6517_96c7597ab0b2421d9697957d99911878/1080p/mp4/file.mp4,2,cake,https://www.pyrobobs.ca/product-page/night-assault
night-cat,Night Cat,1949,,CAD,https://video.wixstatic.com/video/fa6517_a0a6086633ef4674881ac59991ac98dd/1080p/mp4/file.mp4,2,fountain,https://www.pyrobobs.ca/product-page/night-cat
night-lights-new,Night Lights *NEW*,3749,,CAD,,1,family-pack,https://www.pyrobobs.ca/product-page/night-lights-new
night-magic,Night Magic,1574,,CAD,,1,cake,https://www.pyrobobs.ca/product-page/night-magic
night-terror,Night Terror,5999,,CAD,https://video.wixstatic.com/video/fa6517_c520624ecf2e4c9fa407d18cf6cebfd6/1080p/mp4/file.mp4,2,fanned-cake,https://www.pyrobobs.ca/product-page/night-terror
nightmare,Nightmare,4949,,CAD,https://video.wixstatic.com/video/fa6517_e55502c68c704d50acf85f65daab7f0e/480p/mp4/file.mp4,2,fanned-cake,https://www.pyrobobs.ca/product-page/nightmare
nine-big-shots,Nine Big Shots,10274,,CAD,https://video.wixstatic.com/video/fa6517_49dfb5b935a54810a5ebbe89b29f939f/1080p/mp4/file.mp4,2,family-pack,https://www.pyrobobs.ca/product-page/nine-big-shots
ninja-pack,Ninja Pack,7124,,CAD,,1,family-pack,https://www.pyrobobs.ca/product-page/ninja-pack
no-mercy,No Mercy,1049,,CAD,,1,cake,https://www.pyrobobs.ca/product-page/no-mercy
noise-assortment-4-pack,Noise Assortment (4 pack),749,,CAD,,1,noise-maker|specials,https://www.pyrobobs.ca/product-page/noise-assortment-4-pack
not-bottle-rockets,Not Bottle Rockets,449,,CAD,https://video.wixstatic.com/video/fa6517_694fba351cee4eaba744bc95fa2fe73e/1080p/mp4/file.mp4,2,rockets-missiles,https://www.pyrobobs.ca/product-page/not-bottle-rockets
nova-new,Nova *NEW*,1574,,CAD,,1,cake,https://www.pyrobobs.ca/product-page/nova-new
oot-and-aboot,Oot and Aboot,4124,,CAD,https://video.wixstatic.com/video/fa6517_17158c13a0bc4563b38128452ff9e59c/1080p/mp4/file.mp4,2,cake,https://www.pyrobobs.ca/product-page/oot-and-aboot
orbitor,Orbitor,899,,CAD,https://video.wixstatic.com/video/fa6517_3b3d1cc5cef94edbb88c93e5be1a9d56/1080p/mp4/file.mp4,2,specialty-bombette,https://www.pyrobobs.ca/product-page/orbitor
outbreak,Outbreak,5624,,CAD,https://video.wixstatic.com/video/fa6517_2990da23f51b4921ad31148e350b7b7f/480p/mp4/file.mp4,2,cake,https://www.pyrobobs.ca/product-page/outbreak
outlaw,Outlaw,3749,,CAD,https://video.wixstatic.com/video/fa6517_e9c71e2ad64d49339d0358c527fe2164/480p/mp4/file.mp4,2,cake,https://www.pyrobobs.ca/product-page/outlaw
panic-attack,Panic Attack,4499,,CAD,https://video.wixstatic.com/video/fa6517_94e5a878ad0d4c99b9f7fae7531caf37/480p/mp4/file.mp4,2,cake,https://www.pyrobobs.ca/product-page/panic-attack
paradox,Paradox,899,,CAD,https://video.wixstatic.com/video/fa6517_4ff60a4b0f5f4cc1bb65a46e34530657/1080p/mp4/file.mp4,2,bombshell,https://www.pyrobobs.ca/product-page/paradox
party-girl,Party Girl,359,,CAD,https://video.wixstatic.com/video/fa6517_096ec821c8784b8b8f90b77cb1a6c6d1/1080p/mp4/file.mp4,2,roman-candle,https://www.pyrobobs.ca/product-page/party-girl
patriot,Patriot,599,,CAD,https://video.wixstatic.com/video/fa6517_cf718ca5e9fe4921bbf157ba61d94702/1080p/mp4/file.mp4,2,cake,https://www.pyrobobs.ca/product-page/patriot
patriot-love,Patriot Love,2624,,CAD,https://video.wixstatic.com/video/fa6517_b2eb51034468430aa60b4f253939a153/1080p/mp4/file.mp4,2,cake,https://www.pyrobobs.ca/product-page/patriot-love
peony-pack-3-pack,Peony Pack (3 pack),674,,CAD,https://video.wixstatic.com/video/fa6517_feb8f0b18cdd461181c8bfee32bb7705/1080p/mp4/file.mp4,2,mini-floral-bombshell,https://www.pyrobobs.ca/product-page/peony-pack-3-pack
pharaoh-s-demise,Pharaoh's Demise,1574,,CAD,https://video.wixstatic.com/video/fa6517_68feac178b0a4e9fbbc73888f46e955c/1080p/mp4/file.mp4,2,cake,https://www.pyrobobs.ca/product-page/pharaoh-s-demise
piranha,Piranha,3974,,CAD,https://video.wixstatic.com/video/fa6517_2f413620c9ac46e994b9e83adbe9c39a/480p/mp4/file.mp4,2,cake,https://www.pyrobobs.ca/product-page/piranha
planet-smackdown,Planet Smackdown,8699,,CAD,https://video.wixstatic.com/video/fa6517_fc9aa13420554283b944ca94bd0a2b47/1080p/mp4/file.mp4,2,cake,https://www.pyrobobs.ca/product-page/planet-smackdown
poly-bag,Poly Bag,1874,,CAD,,1,family-pack,https://www.pyrobobs.ca/product-page/poly-bag
powder-house,Powder House,16499,,CAD,,1,family-pack,https://www.pyrobobs.ca/product-page/powder-house
powder-keg-fountain,Powder Keg Fountain,524,,CAD,https://video.wixstatic.com/video/fa6517_21183f845d0f4e64b831ca4ffe68d8de/1080p/mp4/file.mp4,2,fountain,https://www.pyrobobs.ca/product-page/powder-keg-fountain
power-surge,Power Surge,899,,CAD,https://video.wixstatic.com/video/fa6517_ed1bda58c061491cbc4d362215b6abb7/1080p/mp4/file.mp4,2,specialty-bombette,https://www.pyrobobs.ca/product-page/power-surge
pro-patriot-collection-new,Pro Patriot Collection *NEW*,21299,,CAD,,1,family-pack,https://www.pyrobobs.ca/product-page/pro-patriot-collection-new
pro-pyro-box,Pro Pyro Box,27374,,CAD,,1,bobs-featured|family-pack,https://www.pyrobobs.ca/product-page/pro-pyro-box
proud-canadian,Proud Canadian,20624,,CAD,,1,family-pack,https://www.pyrobobs.ca/product-page/proud-canadian
psychedelic,Psychedelic,2999,,CAD,https://video.wixstatic.com/video/fa6517_646c27d226fc4f9f8cd81ac4ea7c2bc6/1080p/mp4/file.mp4,2,cake,https://www.pyrobobs.ca/product-page/psychedelic
pyro-blast,Pyro Blast,6974,,CAD,,1,family-pack,https://www.pyrobobs.ca/product-page/pyro-blast
pyro-pack,Pyro Pack,4274,,CAD,,1,family-pack,https://www.pyrobobs.ca/product-page/pyro-pack
pyro-paradise-new,Pyro Paradise *NEW*,2624,,CAD,,1,cake|specials,https://www.pyrobobs.ca/product-page/pyro-paradise-new
pyro-saloon,Pyro Saloon,12374,,CAD,,1,family-pack,https://www.pyrobobs.ca/product-page/pyro-saloon
r-i-p,R.I.P.,6299,,CAD,https://video.wixstatic.com/video/fa6517_8b5661649dc04ca2815c55e4e6b614f4/480p/mp4/file.mp4,2,cake,https://www.pyrobobs.ca/product-page/r-i-p
radiance,Radiance,6374,,CAD,https://video.wixstatic.com/video/fa6517_188084c321ca401f989e84555422cfef/1080p/mp4/file.mp4,2,fanned-cake,https://www.pyrobobs.ca/product-page/radiance
radiant-sun,Radiant Sun,1049,,CAD,https://video.wixstatic.com/video/fa6517_092cb3f033cd42019f2ed888cc217eac/1080p/mp4/file.mp4,2,bombshell,https://www.pyrobobs.ca/product-page/radiant-sun
radical-racer,Radical Racer,524,,CAD,https://video.wixstatic.com/video/fa6517_5cf9810bb9f44671a3897e3d905afbf9/1080p/mp4/file.mp4,2,novelty-item,https://www.pyrobobs.ca/product-page/radical-racer
radioactive,Radioactive,4424,,CAD,https://video.wixstatic.com/video/fa6517_3beaf5e4ed1541b7bf015a1daf3798d6/1080p/mp4/file.mp4,2,cake,https://www.pyrobobs.ca/product-page/radioactive
rainbow-mine-crackers,Rainbow Mine/Crackers,674,,CAD,https://video.wixstatic.com/video/fa6517_800bb9800643441e81aa274e8633d004/1080p/mp4/file.mp4,2,mine,https://www.pyrobobs.ca/product-page/rainbow-mine-crackers
rainbow-mine-whistles,Rainbow Mine/Whistles,674,,CAD,https://video.wixstatic.com/video/fa6517_0ce6af3eb43d42fda5dfa1bd753c0044/1080p/mp4/file.mp4,2,mine,https://www.pyrobobs.ca/product-page/rainbow-mine-whistles
rainbow-pride-new,Rainbow Pride *NEW*,4649,,CAD,,1,fanned-cake,https://www.pyrobobs.ca/product-page/rainbow-pride-new
rave,Rave,1049,,CAD,https://video.wixstatic.com/video/fa6517_aafbe9b1d8f44cffa48151dacccb48ba/1080p/mp4/file.mp4,2,brazilian-shell,https://www.pyrobobs.ca/product-page/rave
red-alert,Red Alert,2024,,CAD,https://video.wixstatic.com/video/fa6517_91697184c4e94540921cbf8376711e52/1080p/mp4/file.mp4,2,cake,https://www.pyrobobs.ca/product-page/red-alert
red-dragon-candle,Red Dragon Candle,562,,CAD,https://video.wixstatic.com/video/fa6517_026781348c764a95a9b87cdfa6dda7af/480p/mp4/file.mp4,2,roman-candle,https://www.pyrobobs.ca/product-page/red-dragon-candle
red-gold-fountain,Red &amp; Gold Fountain,299,,CAD,,1,fountain,https://www.pyrobobs.ca/product-page/red-gold-fountain
red-mine,Red Mine,599,,CAD,https://video.wixstatic.com/video/fa6517_be64ac63b96846da98f984c5009a6582/720p/mp4/file.mp4,2,mine,https://www.pyrobobs.ca/product-page/red-mine
red-ring-with-crackling-pistil,Red Ring with Crackling Pistil,1349,,CAD,https://video.wixstatic.com/video/fa6517_5340639f2dcb44f9ad34a9074add5ab7/480p/mp4/file.mp4,2,bombshell,https://www.pyrobobs.ca/product-page/red-ring-with-crackling-pistil
red-tiger-tail,Red Tiger Tail,674,,CAD,https://video.wixstatic.com/video/fa6517_8a2dfd87c58b4ebf8434149677b3b05d/1080p/mp4/file.mp4,2,comet,https://www.pyrobobs.ca/product-page/red-tiger-tail
red-white-awesome,"Red, White &amp; Awesome!",4499,,CAD,https://video.wixstatic.com/video/fa6517_e4b3b63357c340ca949e2a13cd061684/1080p/mp4/file.mp4,2,cake,https://www.pyrobobs.ca/product-page/red-white-awesome
red-white-strobe,Red &amp; White Strobe,4799,,CAD,https://video.wixstatic.com/video/fa6517_3a26d105a1774e728faf4da76520d2be/1080p/mp4/file.mp4,2,pro-pyro-cake-vertical,https://www.pyrobobs.ca/product-page/red-white-strobe
redneck-ruckus,Redneck Ruckus,2624,,CAD,https://video.wixstatic.com/video/fa6517_b2405190b2ab416faa1a393a4e4d8c09/1080p/mp4/file.mp4,2,cake,https://www.pyrobobs.ca/product-page/redneck-ruckus
right-choice,Right Choice,5249,,CAD,,1,family-pack,https://www.pyrobobs.ca/product-page/right-choice
roman-theatre,Roman Theatre,6749,,CAD,https://video.wixstatic.com/video/fa6517_5b668fe827414d1f980a0754352be4a3/1080p/mp4/file.mp4,2,fountain,https://www.pyrobobs.ca/product-page/roman-theatre
royal-brocade,Royal Brocade,3374,,CAD,https://video.wixstatic.com/video/fa6517_ba259b82be0d4e8585d4059575de0b63/480p/mp4/file.mp4,2,pro-pyro-cake-vertical,https://www.pyrobobs.ca/product-page/royal-brocade
royalist,Royalist,899,,CAD,https://video.wixstatic.com/video/fa6517_44b21359b80549539d464207acabd21a/1080p/mp4/file.mp4,2,bombshell,https://www.pyrobobs.ca/product-page/royalist
samurai-warrior,Samurai Warrior,1799,,CAD,https://video.wixstatic.com/video/fa6517_e1eba96f63e040c8b975e47dae5be1c9/480p/mp4/file.mp4,2,barrage,https://www.pyrobobs.ca/product-page/samurai-warrior
sapphire-knight,Sapphire Knight,1349,,CAD,https://video.wixstatic.com/video/fa6517_df650ff99c414d0f921a61186d6cd406/480p/mp4/file.mp4,2,bombshell,https://www.pyrobobs.ca/product-page/sapphire-knight
saturn-ring,Saturn Ring,1049,,CAD,https://video.wixstatic.com/video/fa6517_2731cfb798bf4b6082384f8a20356209/1080p/mp4/file.mp4,2,bombshell,https://www.pyrobobs.ca/product-page/saturn-ring
saturn-wheel,Saturn Wheel,487,,CAD,https://video.wixstatic.com/video/fa6517_32fb19c4b45f446b9dfa0127a5f4beb4/1080p/mp4/file.mp4,2,wheel,https://www.pyrobobs.ca/product-page/saturn-wheel
scorpion-sting,Scorpion Sting,5324,,CAD,https://video.wixstatic.com/video/fa6517_8e7979ea534e426c9d928f46286af71b/480p/mp4/file.mp4,2,cake,https://www.pyrobobs.ca/product-page/scorpion-sting
screaming-banshee,Screaming Banshee,599,,CAD,https://video.wixstatic.com/video/fa6517_2cff0e37b3bd4649a333f3aaadc5370c/1080p/mp4/file.mp4,2,specialty-bombette,https://www.pyrobobs.ca/product-page/screaming-banshee
screech-owl,Screech Owl,149,,CAD,https://video.wixstatic.com/video/fa6517_fec6317ecfa64effb4e7d2529d12e666/1080p/mp4/file.mp4,2,noise-maker,https://www.pyrobobs.ca/product-page/screech-owl
screecheroo-5-pack,Screecheroo (5 pack),449,,CAD,https://video.wixstatic.com/video/fa6517_eed216a66b9048c9ba5d8be5229f8668/1080p/mp4/file.mp4,2,noise-maker,https://www.pyrobobs.ca/product-page/screecheroo-5-pack
seismic-thunder,Seismic Thunder,2999,,CAD,https://video.wixstatic.com/video/fa6517_1b56c717e59b49fc9b356cb907c2b5a7/360p/mp4/file.mp4,2,bobs-featured|cake|specials,https://www.pyrobobs.ca/product-page/seismic-thunder
shattered-dreams,Shattered Dreams,4124,,CAD,https://video.wixstatic.com/video/fa6517_9e546f98d76a443687aebfb131271607/1080p/mp4/file.mp4,2,cake,https://www.pyrobobs.ca/product-page/shattered-dreams
shazzam,Shazzam,1049,,CAD,https://video.wixstatic.com/video/fa6517_6c48e28d807343e38257e3a7c18dd26f/1080p/mp4/file.mp4,2,brazilian-shell,https://www.pyrobobs.ca/product-page/shazzam
sheriff-s-bounty,Sheriff's Bounty,10499,,CAD,,1,family-pack,https://www.pyrobobs.ca/product-page/sheriff-s-bounty
shogun-battery,Shogun Battery,1799,,CAD,https://video.wixstatic.com/video/fa6517_dfdf565c346545f6b6273157ba362f8b/480p/mp4/file.mp4,2,barrage,https://www.pyrobobs.ca/product-page/shogun-battery
shoot-to-thrill,Shoot to Thrill,4874,,CAD,https://video.wixstatic.com/video/fa6517_85f54d13cd644f1ea56b84197add15af/720p/mp4/file.mp4,2,cake,https://www.pyrobobs.ca/product-page/shoot-to-thrill
short-circuit,Short Circuit,4124,,CAD,https://video.wixstatic.com/video/fa6517_cfc63a20448045a6b5d79c1f42eb2be5/480p/mp4/file.mp4,2,cake,https://www.pyrobobs.ca/product-page/short-circuit
shotgun-barrage,Shotgun Barrage,2474,,CAD,https://video.wixstatic.com/video/fa6517_a3de2f5e96a14737a4de7b18f8dfb879/1080p/mp4/file.mp4,2,barrage,https://www.pyrobobs.ca/product-page/shotgun-barrage
show-stopper,Show Stopper,5549,,CAD,https://video.wixstatic.com/video/fa6517_813128c979a2434087d3fb60e3a96dfb/1080p/mp4/file.mp4,2,fanned-cake,https://www.pyrobobs.ca/product-page/show-stopper
showtime,Showtime,19949,,CAD,,1,family-pack,https://www.pyrobobs.ca/product-page/showtime
silver-dragon,Silver Dragon,1049,,CAD,https://video.wixstatic.com/video/fa6517_ecd29342a8904dd2b6747ab0cd832504/720p/mp4/file.mp4,2,brazilian-shell,https://www.pyrobobs.ca/product-page/silver-dragon
silver-fairy,Silver Fairy,1274,,CAD,https://video.wixstatic.com/video/fa6517_777940edf81c457bb8349acbc0a59e30/1080p/mp4/file.mp4,2,barrage,https://www.pyrobobs.ca/product-page/silver-fairy
silver-monster,Silver Monster,5624,,CAD,https://video.wixstatic.com/video/fa6517_2e09daf19a364588b944dbcd7888a0a0/1080p/mp4/file.mp4,2,fanned-cake,https://www.pyrobobs.ca/product-page/silver-monster
silver-shrapnel,Silver Shrapnel,674,,CAD,https://video.wixstatic.com/video/fa6517_4afcdf5c9d9941758443197d1984f022/480p/mp4/file.mp4,2,bombshell,https://www.pyrobobs.ca/product-page/silver-shrapnel
silver-spinning-flowers,Silver Spinning Flowers,4124,,CAD,https://video.wixstatic.com/video/fa6517_cdf4bd0ed8164cd69d97e1e7e31e3898/1080p/mp4/file.mp4,2,component-barrage|specials,https://www.pyrobobs.ca/product-page/silver-spinning-flowers
sky-lighter-new,Sky Lighter *NEW*,45299,,CAD,,1,block-party-pack|bobs-featured|featured-products|specials,https://www.pyrobobs.ca/product-page/sky-lighter-new
sky-tracer,Sky Tracer,2999,,CAD,https://video.wixstatic.com/video/fa6517_7a3240247c9946a2a9ab18171e845310/1080p/mp4/file.mp4,2,cake,https://www.pyrobobs.ca/product-page/sky-tracer
slingshot,Slingshot,674,,CAD,https://video.wixstatic.com/video/fa6517_595bfde2d234432eac6a278ff0db943b/480p/mp4/file.mp4,2,cake,https://www.pyrobobs.ca/product-page/slingshot
smiley-face,Smiley Face,1049,,CAD,https://video.wixstatic.com/video/fa6517_1edf512c26a7494d98ad2fe02b565101/1080p/mp4/file.mp4,2,fountain,https://www.pyrobobs.ca/product-page/smiley-face
snake-bite,Snake Bite,4274,,CAD,https://video.wixstatic.com/video/fa6517_95ecd0dbd236458dbc3ad5ae355c4988/480p/mp4/file.mp4,2,cake,https://www.pyrobobs.ca/product-page/snake-bite
sonic-banger,Sonic Banger,188,,CAD,https://video.wixstatic.com/video/fa6517_5c1146102fd3465f912c65a239cee00b/1080p/mp4/file.mp4,2,noise-maker,https://www.pyrobobs.ca/product-page/sonic-banger
spinning-bee,Spinning Bee,374,,CAD,https://video.wixstatic.com/video/fa6517_5f07fc413d4d41169f8e60c5329e32f8/480p/mp4/file.mp4,2,bombshell,https://www.pyrobobs.ca/product-page/spinning-bee
spinning-bullet-12-pack,Spinning Bullet  (12 pack),374,,CAD,https://video.wixstatic.com/video/fa6517_2e39aa9163fd497a8122747d3cd24b8a/1080p/mp4/file.mp4,2,ground-spinner,https://www.pyrobobs.ca/product-page/spinning-bullet-12-pack
splat,Splat!,2174,,CAD,https://video.wixstatic.com/video/fa6517_5d92ce6bec06416290bf3fa8a244a394/1080p/mp4/file.mp4,2,cake,https://www.pyrobobs.ca/product-page/splat
star-shower,Star Shower,974,,CAD,https://video.wixstatic.com/video/fa6517_6b73afa408cf49c2965a0c4f0bc08d62/1080p/mp4/file.mp4,2,fountain,https://www.pyrobobs.ca/product-page/star-shower
stargazer,Stargazer,599,,CAD,https://video.wixstatic.com/video/fa6517_f72b6fda8e074cabad5b5fdbd9ce99e6/1080p/mp4/file.mp4,2,cake,https://www.pyrobobs.ca/product-page/stargazer
static,Static,2624,,CAD,https://video.wixstatic.com/video/fa6517_265e9412d0784dc8aab5d86507b329b0/1080p/mp4/file.mp4,2,cake,https://www.pyrobobs.ca/product-page/static
sub-zero,Sub Zero,449,,CAD,https://video.wixstatic.com/video/fa6517_5fd3de824bba43b0a63b78492e518d9b/1080p/mp4/file.mp4,2,bombshell,https://www.pyrobobs.ca/product-page/sub-zero
sugar-rush,Sugar Rush,1349,,CAD,,1,family-pack,https://www.pyrobobs.ca/product-page/sugar-rush
sunset-kit,Sunset Kit,2174,,CAD,,1,family-pack,https://www.pyrobobs.ca/product-page/sunset-kit
super-barrage-pack,Super Barrage Pack,2474,,CAD,,1,family-pack,https://www.pyrobobs.ca/product-page/super-barrage-pack
super-menace,Super Menace,5624,,CAD,https://video.wixstatic.com/video/fa6517_94ca83ceb2a7482bb95ffe31a75a1dea/1080p/mp4/file.mp4,2,cake,https://www.pyrobobs.ca/product-page/super-menace
super-sorry,Super Sorry,4124,,CAD,https://video.wixstatic.com/video/fa6517_a815371e29a245ce8220f69cb532ac25/1080p/mp4/file.mp4,2,cake,https://www.pyrobobs.ca/product-page/super-sorry
surf-s-up,Surf's Up!,5099,,CAD,https://video.wixstatic.com/video/fa6517_dbdea36c1a1d4dbaaa4f714a5db1bc28/1080p/mp4/file.mp4,2,fanned-cake,https://www.pyrobobs.ca/product-page/surf-s-up
swirl-n-twirl,Swirl N' Twirl,487,,CAD,https://video.wixstatic.com/video/fa6517_314e5981568041c3b45726f3fa9e6bc1/1080p/mp4/file.mp4,2,wheel,https://www.pyrobobs.ca/product-page/swirl-n-twirl
symphonic,Symphonic,599,,CAD,https://video.wixstatic.com/video/fa6517_98aab936c52a4251896eae1caef65f53/1080p/mp4/file.mp4,2,cake,https://www.pyrobobs.ca/product-page/symphonic
systems-breach,Systems Breach,3449,,CAD,https://video.wixstatic.com/video/fa6517_6b999f3cb31948cda10d1adb16a612a6/1080p/mp4/file.mp4,2,cake,https://www.pyrobobs.ca/product-page/systems-breach
t-g-i-pyro,T.G.I. Pyro,1199,,CAD,https://video.wixstatic.com/video/fa6517_31f3b4ef10e94739bccc7af01bdfa7e6/1080p/mp4/file.mp4,2,cake,https://www.pyrobobs.ca/product-page/t-g-i-pyro
take-off-eh,Take Off Eh!,974,,CAD,https://video.wixstatic.com/video/fa6517_79d4d008e3744ea98d80768b27444209/1080p/mp4/file.mp4,2,cake|specials,https://www.pyrobobs.ca/product-page/take-off-eh
tarantula,Tarantula,1049,,CAD,https://video.wixstatic.com/video/fa6517_aebe38d58ef74b17b6cb59fa515c7ee3/1080p/mp4/file.mp4,2,mine,https://www.pyrobobs.ca/product-page/tarantula
tazmanian-devil-6-pack,Tazmanian Devil (6 pack),224,,CAD,https://video.wixstatic.com/video/fa6517_16c731714b39474d8c56a7c601194b61/720p/mp4/file.mp4,2,ground-spinner,https://www.pyrobobs.ca/product-page/tazmanian-devil-6-pack
the-astro-pack-new,The Astro Pack *NEW*,5774,,CAD,,1,family-pack|specials,https://www.pyrobobs.ca/product-page/the-astro-pack-new
the-brave-new,The Brave *NEW*,5624,,CAD,,1,pro-pyro-cake-fanned,https://www.pyrobobs.ca/product-page/the-brave-new
the-double-double,The Double Double,3149,,CAD,https://video.wixstatic.com/video/fa6517_30c4fb57fb7b445da8bcc43636833e27/1080p/mp4/file.mp4,2,cake,https://www.pyrobobs.ca/product-page/the-double-double
the-free,The Free,5099,,CAD,https://video.wixstatic.com/video/fa6517_25396b5bdcbb4eb185938a3e5d79b3ac/1080p/mp4/file.mp4,2,pro-pyro-cake-vertical,https://www.pyrobobs.ca/product-page/the-free
the-glory,The Glory,3749,,CAD,https://video.wixstatic.com/video/fa6517_36018e76b8c643baa990a4e8aaba1347/1080p/mp4/file.mp4,2,pro-pyro-cake-fanned,https://www.pyrobobs.ca/product-page/the-glory
the-mighty,The Mighty,2474,,CAD,https://video.wixstatic.com/video/fa6517_077d800f9d37495893149ff74969b2a8/1080p/mp4/file.mp4,2,pro-pyro-cake-fanned|specials,https://www.pyrobobs.ca/product-page/the-mighty
the-proud,The Proud,4874,,CAD,https://video.wixstatic.com/video/fa6517_7b00bf69c4d346e2a324c3af852a01b0/1080p/mp4/file.mp4,2,bobs-featured|pro-pyro-cake-fanned|specials,https://www.pyrobobs.ca/product-page/the-proud
the-strong,The Strong,5249,,CAD,https://video.wixstatic.com/video/fa6517_135563e113f142938af76977ea14b0ab/1080p/mp4/file.mp4,2,bobs-featured|pro-pyro-cake-fanned|specials,https://www.pyrobobs.ca/product-page/the-strong
the-two-four,The Two-Four,3299,,CAD,https://video.wixstatic.com/video/fa6517_d4530894ec3349cbaaee3ee94eb8d80a/1080p/mp4/file.mp4,2,bobs-featured|cake,https://www.pyrobobs.ca/product-page/the-two-four
thunder-assortment,Thunder Assortment,749,,CAD,https://video.wixstatic.com/video/fa6517_1ccf49bf37de4ec7adf4d5a00fbdcffb/480p/mp4/file.mp4,2,noise-maker,https://www.pyrobobs.ca/product-page/thunder-assortment
thunder-shots-4-pack,Thunder Shots (4 pack),949,,CAD,https://video.wixstatic.com/video/fa6517_e8e674f526b24a52a5389cc2042799be/1080p/mp4/file.mp4,2,mini-floral-bombshell,https://www.pyrobobs.ca/product-page/thunder-shots-4-pack
times-square,Times Square,67500,,CAD,,1,block-party-pack|bobs-featured|specials,https://www.pyrobobs.ca/product-page/times-square
top-pick,Top Pick,5624,,CAD,,1,family-pack,https://www.pyrobobs.ca/product-page/top-pick
tornadoes-6-pack,Tornadoes (6 pack),209,,CAD,https://video.wixstatic.com/video/fa6517_3782ca829e2b43849bfafda7e1f4e9e8/1080p/mp4/file.mp4,3,ground-spinner,https://www.pyrobobs.ca/product-page/tornadoes-6-pack
trickster,Trickster,5024,,CAD,https://video.wixstatic.com/video/fa6517_0090a70306d9487b8f0fd95f4a43fe99/1080p/mp4/file.mp4,2,fanned-cake,https://www.pyrobobs.ca/product-page/trickster
trigger-happy,Trigger Happy,4499,,CAD,https://video.wixstatic.com/video/fa6517_eca2501a15da4c7d8b11aafa8223f9d7/1080p/mp4/file.mp4,2,fanned-cake,https://www.pyrobobs.ca/product-page/trigger-happy
triumph,Triumph,6374,,CAD,https://video.wixstatic.com/video/fa6517_137722e60fc8495fa74da4eb3db8abf6/480p/mp4/file.mp4,2,pro-pyro-cake-fanned,https://www.pyrobobs.ca/product-page/triumph
tropical-thunder,Tropical Thunder,2999,,CAD,https://video.wixstatic.com/video/fa6517_1bb8638bf7b645a9a0507799eac18a36/360p/mp4/file.mp4,2,cake,https://www.pyrobobs.ca/product-page/tropical-thunder
turmoil,Turmoil,2174,,CAD,https://video.wixstatic.com/video/fa6517_f82a2d15b0db4e6ba0b0c1be4f9516be/480p/mp4/file.mp4,2,cake,https://www.pyrobobs.ca/product-page/turmoil
typhoon,Typhoon,1049,,CAD,https://video.wixstatic.com/video/fa6517_9a048b73656744a9928ca3aeded01e5d/480p/mp4/file.mp4,2,barrage,https://www.pyrobobs.ca/product-page/typhoon
ufo,UFO,1499,,CAD,https://video.wixstatic.com/video/fa6517_a2e9b97116cc469e841bb4d16041f68d/1080p/mp4/file.mp4,2,fountain,https://www.pyrobobs.ca/product-page/ufo
upper-class,Upper Class,4874,,CAD,https://video.wixstatic.com/video/fa6517_eb71968a7ab84e158eb2e85fc28374b3/480p/mp4/file.mp4,2,cake,https://www.pyrobobs.ca/product-page/upper-class
uprising,Uprising,1049,6149,CAD,,35,fanned-cake,https://www.pyrobobs.ca/product-page/uprising
variety-show,Variety Show,5999,,CAD,https://video.wixstatic.com/video/fa6517_9620c021c6614bfcb69bf1e4755d75a7/1080p/mp4/file.mp4,2,fanned-cake,https://www.pyrobobs.ca/product-page/variety-show
vega-new,Vega *NEW*,1574,,CAD,,1,bobs-featured|cake,https://www.pyrobobs.ca/product-page/vega-new
vendetta,Vendetta,5249,,CAD,https://video.wixstatic.com/video/fa6517_2d69f506d8774b6c99d2f82296480c90/1080p/mp4/file.mp4,2,bobs-featured|pro-pyro-cake-fanned|specials,https://www.pyrobobs.ca/product-page/vendetta
vertigo,Vertigo,3674,,CAD,https://video.wixstatic.com/video/fa6517_7a545f57f2244bf6aa7eeaf6cac18562/480p/mp4/file.mp4,2,cake|specials,https://www.pyrobobs.ca/product-page/vertigo
vicious-circle,Vicious Circle,6974,,CAD,https://video.wixstatic.com/video/fa6517_535f6a7d8614460980cc8373570f27ed/480p/mp4/file.mp4,2,cake,https://www.pyrobobs.ca/product-page/vicious-circle
victory-blast,Victory Blast,1049,,CAD,https://video.wixstatic.com/video/fa6517_b99e76ce7f934ef1b9c48b2e57a87f79/1080p/mp4/file.mp4,2,bombshell,https://www.pyrobobs.ca/product-page/victory-blast
volatile,Volatile,4499,,CAD,https://video.wixstatic.com/video/fa6517_a85fe47e61ff4d23a54c3a9e52e2c04d/1080p/mp4/file.mp4,2,fanned-cake,https://www.pyrobobs.ca/product-page/volatile
voodoo,Voodoo,4874,,CAD,https://video.wixstatic.com/video/fa6517_0c22884ac97c4e3c84473b21462817c4/480p/mp4/file.mp4,2,cake,https://www.pyrobobs.ca/product-page/voodoo
vulcan-007,Vulcan 007,5474,,CAD,https://video.wixstatic.com/video/fa6517_ba6a00a7325247958967c1fc1308469a/480p/mp4/file.mp4,2,bobs-featured|fanned-cake,https://www.pyrobobs.ca/product-page/vulcan-007
vulcan-10-ball-roman-candle,Vulcan 10 Ball Roman Candle,224,,CAD,https://video.wixstatic.com/video/fa6517_1d9ccbfc6ff44ebaa042ded86e759abb/480p/mp4/file.mp4,2,roman-candle,https://www.pyrobobs.ca/product-page/vulcan-10-ball-roman-candle
vulcan-12-ball-roman-candle,Vulcan 12 Ball Roman Candle,239,,CAD,https://video.wixstatic.com/video/fa6517_f16282b9804a4a81aa92ceab993feed6/480p/mp4/file.mp4,2,roman-candle,https://www.pyrobobs.ca/product-page/vulcan-12-ball-roman-candle
vulcan-13-ball-roman-candle,Vulcan 13 Ball Roman Candle,262,,CAD,https://video.wixstatic.com/video/fa6517_fb606ef6d1254f0bb16b5b5634fe91fe/480p/mp4/file.mp4,2,roman-candle,https://www.pyrobobs.ca/product-page/vulcan-13-ball-roman-candle
vulcan-5-ball-roman-candle,Vulcan 5 Ball Roman Candle,149,,CAD,https://video.wixstatic.com/video/fa6517_5fed1009181941ccbf212704d387c295/480p/mp4/file.mp4,2,roman-candle,https://www.pyrobobs.ca/product-page/vulcan-5-ball-roman-candle
vulcan-8-ball-roman-candle,Vulcan 8 Ball Roman Candle,164,,CAD,https://video.wixstatic.com/video/fa6517_89ad6a4d1179476a90d26ddc74c441c6/480p/mp4/file.mp4,2,roman-candle,https://www.pyrobobs.ca/product-page/vulcan-8-ball-roman-candle
vulcan-airbomb,Vulcan Airbomb,188,,CAD,https://video.wixstatic.com/video/fa6517_45ea72b31bcf4553999858886d0db468/480p/mp4/file.mp4,2,noise-maker,https://www.pyrobobs.ca/product-page/vulcan-airbomb
vulcan-bomb-box,Vulcan Bomb Box,14999,,CAD,,1,family-pack,https://www.pyrobobs.ca/product-page/vulcan-bomb-box
vulcan-cherry-bomb,Vulcan Cherry Bomb,188,,CAD,https://video.wixstatic.com/video/fa6517_b0457b3b4e914c3ea6770394d3dde7bb/480p/mp4/file.mp4,2,noise-maker,https://www.pyrobobs.ca/product-page/vulcan-cherry-bomb
vulcan-whistle-bomb,Vulcan Whistle Bomb,188,,CAD,https://video.wixstatic.com/video/fa6517_5c273c6b211841c585859860104fa915/480p/mp4/file.mp4,2,noise-maker,https://www.pyrobobs.ca/product-page/vulcan-whistle-bomb
wake-the-neighbours,Wake the Neighbours,6224,,CAD,https://video.wixstatic.com/video/fa6517_0f1b277c76de4a8b873d6aa6d843aa3a/720p/mp4/file.mp4,2,cake,https://www.pyrobobs.ca/product-page/wake-the-neighbours
waterfalls-new,Waterfalls *NEW*,4499,,CAD,,1,pro-pyro-cake-vertical,https://www.pyrobobs.ca/product-page/waterfalls-new
weekend-warrior,Weekend Warrior,31724,,CAD,,1,block-party-pack|specials,https://www.pyrobobs.ca/product-page/weekend-warrior
whirlybird,Whirlybird,2624,,CAD,https://video.wixstatic.com/video/fa6517_dda50002faf44da08ed0e7d1b5f8043a/1080p/mp4/file.mp4,2,component-barrage,https://www.pyrobobs.ca/product-page/whirlybird
whiskey-tango,Whiskey Tango,3449,,CAD,https://video.wixstatic.com/video/fa6517_fd39eca3dbef4f77a560e6bf385f4325/480p/mp4/file.mp4,2,bobs-featured|pro-pyro-cake-vertical,https://www.pyrobobs.ca/product-page/whiskey-tango
whistling-mini-airbomb-6-pack,Whistling Mini Airbomb (6 pack),449,,CAD,https://video.wixstatic.com/video/fa6517_332b8c6e43ae44c382eff772327bc8d8/1080p/mp4/file.mp4,2,noise-maker,https://www.pyrobobs.ca/product-page/whistling-mini-airbomb-6-pack
whistling-peony,Whistling Peony,1124,,CAD,https://video.wixstatic.com/video/fa6517_88879613da4044bb8c063c1dd72732a5/1080p/mp4/file.mp4,2,bombshell,https://www.pyrobobs.ca/product-page/whistling-peony
whistling-rain,Whistling Rain,974,,CAD,https://video.wixstatic.com/video/fa6517_030972fdb2064debb3e23869af4e485d/1080p/mp4/file.mp4,2,fountain,https://www.pyrobobs.ca/product-page/whistling-rain
white-strobe,White Strobe,164,,CAD,https://video.wixstatic.com/video/fa6517_73b9e46892fa47509179fddc79f79386/1080p/mp4/file.mp4,2,fountain,https://www.pyrobobs.ca/product-page/white-strobe
white-strobe-1,White Strobe,299,,CAD,https://video.wixstatic.com/video/fa6517_18f336754f2b4e2b958adb4cc832c377/1080p/mp4/file.mp4,2,bombshell,https://www.pyrobobs.ca/product-page/white-strobe-1
wicked-witch,Wicked Witch,7499,,CAD,https://video.wixstatic.com/video/fa6517_62c41d4977574243b872f43f666180b2/480p/mp4/file.mp4,2,fanned-cake,https://www.pyrobobs.ca/product-page/wicked-witch
wild-heart,Wild Heart,4124,,CAD,https://video.wixstatic.com/video/fa6517_55019fad0f6646d9a5aa8b45f5832c07/1080p/mp4/file.mp4,2,component-barrage,https://www.pyrobobs.ca/product-page/wild-heart
wind-in-the-palms,Wind in the Palms,4874,,CAD,https://video.wixstatic.com/video/fa6517_8010d41f39a946bcbe801f7c56d4bce4/480p/mp4/file.mp4,2,cake,https://www.pyrobobs.ca/product-page/wind-in-the-palms
yard-dog,Yard Dog,1049,,CAD,https://video.wixstatic.com/video/fa6517_5b160d0e6c064956873fb6b884860a36/1080p/mp4/file.mp4,2,brazilian-shell,https://www.pyrobobs.ca/product-page/yard-dog
